TIME;HOME;AWAY;MATCH_ID;1;X;2;UG_0_2;UG_3_PLUS;UG_4_PLUS;GG;I_GG;GG_3_PLUS
03:00;Mazatlan FC;Club America;794;4.95;4.2;1.6;2.3;1.6;2.52;1.67;4.2;1.97
03:00;Atl. La Paz;Irapuato;390;2.5;3.5;2.37;2.3;1.53;2.37;1.45;3.7;1.77
03:00;Aomori;Veertien Mie;385;1.9;3.25;3.9;1.55;2.3;4.45;2.05;5.9;2.85
03:00;Tigres de Alica;Tecos FC;389;3.0;3.4;2.17;1.97;1.73;2.9;1.6;4.35;2.05
03:00;Ska-Khabarovsk-2;Dinamo StP;;5.8;4.2;1.43;2.06;1.68;2.7;1.85;;
04:00;Auckland FC;WS Wanderers;799;1.87;3.6;3.9;2.03;1.77;2.95;1.67;4.45;2.07
04:00;Asuka FC;Yokohama SCC;388;2.0;3.25;3.5;1.65;2.1;3.9;1.88;5.3;2.57
04:00;Briobecca Urayasu SC;Yokogawa Musashino FC;386;1.93;3.15;3.95;1.55;2.3;4.45;2.05;5.9;2.8
04:00;Minebea Mitsumi;Criacao Shinjuku;389;2.52;3.0;2.63;1.57;2.2;4.2;1.9;5.4;2.65
04:00;Okinawa SV;Reilac Shiga;390;3.1;3.2;2.23;1.67;2.05;3.75;1.8;5.0;2.45
04:15;Sydney Utd;NE Metrostars;767;2.12;3.3;3.2;1.9;1.77;3.05;1.63;4.5;2.12
05:00;Gwangju FC;Anyang;785;2.15;3.15;3.55;1.67;2.18;4.05;1.93;5.25;2.62
05:00;Jeonbuk;Sangju;799;2.2;3.7;3.0;2.4;1.55;2.37;1.5;3.7;1.77
05:00;Kashiwa;Yokohama FC;786;1.6;3.95;5.3;1.85;1.93;3.35;1.97;5.2;2.45
05:00;Kyoto;Kashima;796;2.75;3.4;2.42;2.0;1.8;3.05;1.65;4.35;2.1
05:00;Nagoya;Gamba Osaka;792;2.65;3.25;2.6;1.82;2.0;3.5;1.75;4.75;2.3
05:00;Shimizu;Verdy;782;2.55;3.0;2.9;1.55;2.45;4.75;2.05;5.75;2.85
05:00;Tokyo;Okayama;784;2.07;3.3;3.5;1.67;2.18;4.05;1.95;5.3;2.62
05:00;Urawa RD;Machida;791;3.2;3.25;2.23;1.83;1.97;3.45;1.77;4.75;2.3
05:00;Yokohama Marinos;Hiroshima;792;3.85;3.65;1.85;1.97;1.83;3.1;1.72;4.6;2.15
05:00;Fujieda MYFC;Kofu;767;2.27;3.15;3.05;1.8;1.9;3.35;1.7;4.75;2.27
05:00;Seongnam;Hwaseong;759;1.75;3.45;4.85;1.73;2.0;3.6;1.92;5.3;2.52
05:00;Suwon Bluewings;Jeonnam;771;1.7;4.2;4.15;2.55;1.45;2.17;1.47;3.7;1.73
05:00;Gifu;Kagoshima Utd;766;3.1;3.3;2.07;1.9;1.75;3.0;1.63;4.45;2.1
05:00;Kitakyushu;Ryukyu;758;1.73;3.35;4.25;1.75;1.95;3.45;1.85;5.1;2.42
05:00;Kusatsu;Nara Club;768;2.17;3.35;2.85;1.97;1.72;2.9;1.57;4.3;2.03
05:00;Nagano;Azul Claro;767;2.23;3.2;2.9;1.85;1.83;3.2;1.65;4.6;2.18
05:00;Tochigi City;Vanraure;764;2.35;3.0;2.85;1.67;2.03;3.7;1.77;4.95;2.42
05:00;Ulsan Citizen;Yangpyeong;755;3.4;3.15;2.1;1.53;2.32;4.5;2.0;5.8;2.8
05:00;Sejong SA;Yeoncheon;393;1.55;4.2;4.4;2.45;1.47;2.15;1.55;3.85;1.77
06:00;Melbourne City;Perth Glory;799;1.45;4.8;5.7;2.3;1.63;2.55;1.73;4.45;2.05
06:00;Cerezo Osaka;Kawasaki;801;2.6;3.85;2.37;2.7;1.45;2.13;1.4;3.35;1.63
06:00;Jinju Citizen FC;Dangjin Citizen;392;2.35;3.5;2.52;2.28;1.55;2.35;1.5;3.75;1.77
07:30;Suwon City;Jeju Utd;799;1.93;3.8;3.6;2.35;1.6;2.5;1.55;3.9;1.83
07:30;Tianjin Tigers;Changchun Yatai;765;1.77;3.5;4.15;2.0;1.7;2.85;1.65;4.5;2.1
07:30;Shenzhen Juniors FC;Suzhou Dongwu;;2.5;3.2;2.5;1.75;1.98;3.4;1.76;;
07:30;Busan;Gimpo FC;760;2.13;3.2;3.5;1.65;2.1;3.9;1.88;5.3;2.57
07:30;Cheonan City;Ansan Greeners;764;2.45;3.1;2.9;1.67;2.05;3.75;1.8;5.0;2.47
07:30;Cheongju;Bucheon 1995;759;3.9;3.55;1.88;1.75;1.97;3.5;1.83;5.0;2.4
08:00;Nagasaki;Imabari;767;1.85;3.6;3.7;2.07;1.67;2.72;1.6;4.25;1.97
08:00;CS Din. Bucuresti;Tunari;767;2.2;3.25;3.05;1.82;1.87;3.25;1.67;4.65;2.23
08:00;CSC Dumbravita;Campulung;767;1.85;3.5;3.55;2.05;1.67;2.75;1.6;4.3;1.97
08:00;CSM Resita;Poli Iasi;759;1.83;3.4;4.0;1.77;1.92;3.4;1.8;4.95;2.33
08:00;CSM Satu Mare;Steaua Bucuresti;752;6.7;4.25;1.42;1.97;1.72;2.85;1.95;5.2;2.4
08:00;Concordia;Metalul Buzau;759;1.88;3.3;3.85;1.8;1.88;3.3;1.75;4.85;2.28
08:00;Corvinul;Bacau;750;1.15;6.6;14.0;2.55;1.45;2.15;2.25;5.5;2.6
08:00;FC ASA Tg. Mures;CSM Slatina;768;2.25;3.3;2.95;1.85;1.83;3.15;1.65;4.55;2.17
08:00;Selimbar;Ceahlaul;759;1.82;3.45;4.05;1.8;1.9;3.35;1.8;4.95;2.33
08:15;Jablonec B;Teplice B;;2.15;3.45;2.7;2.25;1.53;2.4;1.45;;
08:15;Loko Praha;SK Kladno;;7.6;4.65;1.28;2.32;1.5;2.33;1.88;;
08:15;Motorlet Prague;Slavia Prague U20;;2.35;3.45;2.45;2.15;1.6;2.52;1.48;;
08:30;Persik;PSM Makassar;763;2.4;3.05;2.9;1.65;2.07;3.8;1.82;5.1;2.47
08:35;Sydney FC;C.C. Mariners;799;1.5;4.55;5.35;2.35;1.57;2.47;1.67;4.25;1.97
09:00;Novosibirsk;Alania Vl.;;1.9;3.25;3.7;1.82;1.88;3.1;1.75;;
09:00;Cremonese U20;Inter U20;387;4.5;3.65;1.63;2.05;1.65;2.72;1.67;4.5;2.1
10:00;Botev Vratsa;Septemvri Sofia;756;1.85;3.3;4.4;1.63;2.15;4.0;1.97;5.6;2.68
10:00;Metalist 1925;LNZ Cherkasy;746;2.52;2.9;2.7;1.43;2.55;5.2;2.1;6.3;3.05
10:00;Leiria;Leixoes;761;2.03;3.3;3.55;1.65;2.12;3.9;1.9;5.35;2.6
10:00;Sporting B;Lusitania FC;760;2.18;3.2;3.25;1.65;2.13;3.95;1.88;5.3;2.57
10:00;Fatsa Bld.;Giresunspor;;1.75;3.25;3.7;1.58;2.13;3.75;;;
10:00;BKS Sparta Katowice;Starowice Dolne;;1.47;4.2;5.2;2.32;1.55;2.33;1.65;;
10:00;KS Lipno Steszew;Zks Kluczevia Stargard;;2.8;3.55;2.13;2.26;1.57;2.37;1.5;;
10:00;Wisla Plock II;Warta Sieradz;;3.35;3.65;1.86;2.23;1.58;2.43;1.55;;
10:00;Estoril U23;Benfica U23;387;5.8;5.0;1.4;2.35;1.52;2.35;1.67;4.33;1.97
10:00;Blackburn U21;Manchester City U21;387;6.3;5.3;1.35;3.8;1.22;1.6;1.38;3.05;1.53
10:00;Salyut-Belgorod;Rotor 2;;1.15;6.0;13.0;2.6;1.43;2.08;2.13;;
10:00;Dinamo M. 2;Leningradets;;4.4;3.4;1.71;1.85;1.85;3.05;1.78;;
10:30;Adana Demirspor;FK Vanspor;727;30.0;14.0;1.04;4.7;1.14;1.43;2.27;4.8;2.4
10:30;Sariyer;Manisa FK;761;1.63;4.0;4.8;2.0;1.72;2.85;1.73;4.65;2.17
10:30;Chindia;Voluntari;763;2.12;3.15;3.35;1.7;2.0;3.6;1.8;4.95;2.42
10:30;Santa Clara SAD U19;Academico Viseu U19;;2.2;3.3;2.85;1.85;1.85;3.05;1.68;;
11:00;Bielefeld;Elversberg;801;3.0;3.75;2.23;2.6;1.5;2.25;1.45;3.5;1.7
11:00;Dynamo Dresden;Paderborn;797;3.3;3.75;2.07;2.35;1.6;2.47;1.53;3.8;1.83
11:00;Holstein Kiel;Bochum;800;1.88;4.05;3.7;2.45;1.53;2.35;1.5;3.7;1.77
11:00;Spartak Moscow;Orenburg;793;1.35;5.75;8.25;2.75;1.48;2.17;1.72;4.4;2.0
11:00;Henan SL;Zhejiang Prof.;774;1.83;4.05;3.35;2.9;1.35;1.92;1.33;3.25;1.55
11:00;Naftan;Dinamo Minsk;754;8.0;3.95;1.4;2.03;1.7;2.78;2.03;5.3;2.52
11:00;BFC Daugavpils;Super Nova;765;1.85;3.4;3.6;2.03;1.67;2.75;1.6;4.3;2.0
11:00;Sokol Saratov;Ulyanovsk;758;2.8;3.05;2.57;1.57;2.3;4.4;1.95;5.6;2.75
11:00;Ufa;Neftekhimik;743;2.35;2.8;3.4;1.37;2.9;6.25;2.33;7.0;3.55
11:00;Binh Duong;Hanoi FC;763;4.6;3.75;1.65;2.05;1.67;2.72;1.67;4.5;2.07
11:00;PVF-CAND;Phu Dong FC;756;4.55;3.25;1.77;1.67;2.05;3.8;1.95;5.4;2.6
11:00;Ayutthaya Utd;Chonburi;768;2.2;3.4;3.1;2.03;1.7;2.85;1.57;4.3;2.03
11:00;Umea FC;Varberg;772;3.1;3.75;2.13;2.23;1.63;2.6;1.55;4.05;1.9
11:00;Arendal;FK Jerv;;2.1;3.85;2.65;2.75;1.4;1.97;1.38;;
11:00;Brann 2;Traeff;;3.1;3.75;1.93;2.75;1.4;1.96;1.38;;
11:00;EIK Tonsberg;Sandnes Ulf;;5.0;4.6;1.45;2.8;1.38;1.95;1.5;;
11:00;Eidsvold;Ull/Kisa;;1.96;4.0;2.85;3.4;1.27;1.68;1.28;;
11:00;Follo;Strommen;;5.8;4.9;1.36;3.05;1.33;1.85;1.51;;
11:00;Hoenefoss BK;Asker;;1.23;6.0;7.6;4.1;1.2;1.51;1.43;;
11:00;IL Sandviken;Brattvag;;5.0;4.7;1.43;3.2;1.3;1.76;1.42;;
11:00;Kjelsas;Alta;;1.33;5.2;5.8;3.65;1.25;1.63;1.41;;
11:00;Levanger;Strindheim IL;;1.33;5.0;6.0;3.35;1.28;1.7;1.45;;
11:00;Pors Grenland;Notodden;;2.5;3.55;2.33;2.35;1.53;2.28;1.46;;
11:00;Rana FK;Stjordals Blink;;2.7;3.8;2.11;3.0;1.35;1.83;1.33;;
11:00;Sotra;Lysekloster;;1.43;4.4;5.4;2.38;1.52;2.27;1.66;;
11:00;Tromsdalen;Grorud;;1.96;3.75;3.0;2.95;1.35;1.85;1.33;;
11:00;V. Haugesund;Flekkeroy;;1.48;4.4;4.8;2.7;1.42;2.03;1.52;;
11:00;Ishoj;Naestved;390;3.05;3.3;2.07;1.82;1.85;3.25;1.67;4.65;2.2
11:00;Hopaspor;52 Orduspor;;2.9;3.15;2.06;1.66;2.01;3.45;;;
11:00;Warta Gorzow;MKS Stal Jasien;;1.27;5.2;7.4;;;;;;
11:00;Manchester Utd U21;Tottenham U21;388;1.72;4.25;3.7;3.45;1.27;1.7;1.28;2.8;1.45
11:00;Penza;Strogino M;;2.15;3.15;3.05;1.88;1.83;2.95;1.66;;
11:00;Ryazan;Kvant;;1.25;4.7;10.0;1.95;1.76;2.85;2.33;;
11:00;Mashuk;Dinamo Kirov;;1.63;3.15;5.4;1.73;2.0;3.35;1.92;;
11:00;Tekstilshchik;Volgar Astrakhan;;2.65;2.6;2.9;1.55;2.31;4.0;1.86;;
11:00;Veles Moscow;Tyumen;;2.07;3.0;3.45;1.97;1.75;2.7;1.58;;
11:00;Horsholm-Usserod;Odder;;2.3;3.3;2.68;2.03;1.67;2.78;1.55;;
11:00;IFK Stocksund;Enkopings SK;393;2.85;4.1;2.03;2.95;1.33;1.87;1.32;3.1;1.52
11:00;Sollentuna;United Nordic;389;5.5;4.6;1.45;2.55;1.45;2.15;1.57;3.95;1.83
11:00;Ariana;Olympic;390;1.83;3.8;3.6;2.4;1.5;2.3;1.47;3.75;1.77
11:00;Trollhattan;Jonkopings;389;3.05;3.4;2.15;1.97;1.75;2.9;1.6;4.35;2.05
11:00;Milan U20;Cesena U20;391;2.25;3.8;2.47;2.35;1.5;2.32;1.43;3.65;1.73
11:15;Hutnik Krakow;Zaglebie Sosnowiec;772;2.5;3.7;2.4;2.3;1.55;2.42;1.47;3.75;1.8
11:30;Coventry;Watford;791;1.5;4.6;6.0;2.23;1.65;2.65;1.77;4.65;2.13
11:30;Ipswich;WBA;789;1.77;3.65;4.6;1.85;1.95;3.45;1.88;5.0;2.4
11:30;Portsmouth;Stoke;790;2.7;3.25;2.7;1.75;2.07;3.75;1.82;4.9;2.42
11:30;Bolton;Cardiff;770;2.07;3.55;3.35;2.1;1.65;2.68;1.57;4.2;1.97
11:30;Mansfield;Wigan;761;2.52;3.1;2.9;1.62;2.17;4.05;1.88;5.35;2.6
11:30;Cheltenham Town;Walsall;758;4.3;3.4;1.87;1.75;1.97;3.55;1.85;5.1;2.45
11:30;Fleetwood;Accrington;762;2.03;3.4;3.7;1.83;1.87;3.25;1.72;4.75;2.27
11:30;FC Halifax;York City;767;4.25;3.8;1.75;2.2;1.6;2.55;1.57;4.15;1.93
11:30;Young Lions;Geylang;772;7.5;5.7;1.25;3.95;1.19;1.53;1.48;3.2;1.57
11:30;Foshan Nanshi;Shanghai Jiading;;1.77;3.2;4.3;1.65;2.12;3.7;1.97;;
11:30;Heilongjiang Lava;Dalian Kun City;;2.55;3.0;2.65;1.63;2.15;3.75;1.85;;
11:30;Qingdao Red Lions;Nanjing City;;3.3;3.25;2.0;1.83;1.87;3.1;1.71;;
11:30;Chiangrai Utd;Kanchanaburi City;762;2.3;3.15;3.15;1.7;2.05;3.75;1.8;5.0;2.47
11:30;Harju JK;Narva;764;4.05;3.95;1.7;2.45;1.47;2.23;1.48;3.75;1.75
11:30;Kuressaare;Kalju;766;6.1;4.65;1.4;2.65;1.42;2.07;1.57;3.95;1.83
11:30;Opatija;Bijelo Brdo;752;2.23;2.8;3.1;1.47;2.4;4.85;2.05;6.0;2.95
11:30;VSK Aarhus;Roskilde;385;6.5;4.55;1.35;2.2;1.57;2.5;1.8;4.7;2.17
11:30;Etimesgut Belediyespor;Galata SK;;2.1;2.85;3.1;1.5;2.33;4.2;;;
11:30;Kirikkale Buyuk;Talasgucu;;2.23;2.85;2.85;1.8;1.83;2.9;;;
11:30;Silifke;Osmaniyespor;;1.7;3.45;3.7;;;;;;
11:30;Sunderland U21;Stoke U21;391;1.83;4.15;3.3;3.35;1.27;1.73;1.27;2.85;1.45
11:30;I. Bratislava;Slavia Kosice;765;1.42;4.5;6.2;2.4;1.5;2.3;1.67;4.3;2.0
11:30;Lehota p. V.;Banska Bystrica;755;6.8;4.3;1.4;2.07;1.65;2.7;1.88;4.95;2.3
11:30;Lubovna;Slovan Bratislava B;767;2.15;3.55;2.95;1.95;1.75;2.95;1.6;4.4;2.05
11:30;Puchov;L. Mikulas;768;2.85;3.7;2.13;2.07;1.67;2.72;1.55;4.15;1.95
11:30;Samorin;Malzenice;769;1.82;3.75;3.7;2.13;1.62;2.62;1.57;4.2;1.93
11:30;Lyseng;Sundby;;2.95;3.5;2.07;2.23;1.55;2.47;1.48;;
11:30;Shortan Guzor;Nefchi Fergana;381;8.25;4.3;1.37;1.9;1.8;3.1;2.18;5.8;2.75
12:00;Girona;Oviedo;895;1.8;3.6;4.95;1.75;2.13;3.85;2.0;5.6;2.63
12:00;Cottbus;TSV Havelse;786;1.32;5.75;7.7;2.85;1.37;1.95;1.6;4.0;1.85
12:00;Ingolstadt;Saarbrucken;798;2.33;3.75;2.72;2.5;1.47;2.2;1.4;3.5;1.7
12:00;Mannheim;Munich 1860;793;2.55;3.45;2.63;2.05;1.7;2.78;1.55;4.2;1.97
12:00;Regensburg;Stuttgart II;793;2.45;3.6;2.68;2.05;1.7;2.78;1.55;4.2;1.97
12:00;Verl;Ulm;798;1.97;4.0;3.3;2.45;1.48;2.23;1.43;3.6;1.72
12:00;Amiens;Rodez;796;3.05;3.4;2.28;2.07;1.75;2.9;1.62;4.25;2.03
12:00;Montpellier;Nancy;786;2.13;3.2;3.6;1.73;2.1;3.8;1.9;5.1;2.52
12:00;Cultural Leonesa;Ceuta;782;2.4;3.05;3.2;1.57;2.35;4.5;2.0;5.75;2.8
12:00;Vestmannaeyjar;KA Akureyri;777;2.37;3.9;2.55;2.85;1.37;1.97;1.33;3.2;1.57
12:00;Algeciras;Alcorcon;753;2.33;2.85;3.0;1.47;2.45;4.95;2.05;6.1;2.95
12:00;Bali United;Persita;767;1.7;3.75;4.25;2.1;1.65;2.68;1.62;4.35;2.0
12:00;Prachuap;Nakhon Ratchasima;760;1.72;3.65;4.65;1.8;1.9;3.35;1.85;5.1;2.4
12:00;Aalborg;Lyngby;770;2.37;3.5;2.75;2.15;1.62;2.6;1.52;4.0;1.9
12:00;Aarhus Fremad;Esbjerg;770;1.85;3.75;3.8;2.25;1.57;2.47;1.53;4.0;1.87
12:00;Hobro;Hillerod;770;2.55;3.4;2.6;1.85;1.85;3.2;1.67;4.6;2.18
12:00;Agia Napa;Paeek;;3.25;3.2;2.05;;;;;;
12:00;Iraklis Gerolakkou;Dighenis;;6.6;4.4;1.37;2.0;1.73;2.8;1.91;;
12:00;Nea Salamina Famagusta;Halkanoras;;1.17;6.4;10.0;2.5;1.47;2.2;2.08;;
12:00;Skeid;Raufoss;770;3.8;3.8;1.85;2.25;1.57;2.47;1.53;4.0;1.87
12:00;AB Copenhagen;Brabrand;384;1.18;6.1;10.0;3.25;1.28;1.75;1.7;3.9;1.9
12:00;Hellerup;Skive IK;390;2.12;3.15;3.1;1.77;1.9;3.4;1.72;4.8;2.3
12:00;Ceska Lipa;Velvary;;1.17;6.1;9.25;3.6;1.22;1.62;1.57;;
12:00;GKS Jastrzebie;Podbeskidzie;761;4.55;3.85;1.65;1.95;1.75;2.95;1.73;4.7;2.2
12:00;Aliaga;Yeni Mersin;379;1.08;7.9;19.0;2.9;1.33;1.88;2.52;5.75;2.85
12:00;Altinordu;Karacabey Bld;387;3.25;3.1;2.1;1.7;2.0;3.6;1.77;4.95;2.42
12:00;Inegolspor;Kepez Bld.;384;1.37;4.35;6.6;2.17;1.6;2.52;1.83;4.8;2.2
12:00;Ayvalikgucu;Efeler 09;;2.36;3.15;2.46;1.96;1.7;2.65;;;
12:00;Bulvarspor;Edirnespor;;1.36;4.1;5.8;2.17;1.56;2.38;;;
12:00;Bursa Nilufer FK;Bursaspor;;2.21;3.15;2.65;1.75;1.9;3.2;;;
12:00;Kucukcekmece;Yalova Yesilovaspor;;2.15;2.95;2.9;;;;;;
12:00;Silivrispor;Cankaya FK;;1.98;3.2;3.05;;;;;;
12:00;Usakspor;Tire;;1.68;3.35;3.85;1.88;1.76;2.85;;;
12:00;Avia Swidnik;Star Starachowice;;1.67;4.0;3.8;2.65;1.43;2.05;1.45;;
12:00;Elana Torun;Pogon Szczecin II;;1.67;3.9;3.9;2.43;1.5;2.21;1.51;;
12:00;Leicester U21;Southampton U21;393;2.2;3.95;2.6;3.25;1.28;1.75;1.27;2.8;1.45
12:00;Znamya Truda;Lipetsk;;1.88;3.2;3.8;1.97;1.75;2.75;1.63;;
12:00;BK Frem;Holbaek;;2.85;3.15;2.27;1.8;1.88;3.3;1.7;;
12:00;Bronshoj;Vejgaard;;1.67;3.75;4.15;2.2;1.57;2.47;1.57;;
12:00;FA 2000;Vanlose;;2.15;3.25;2.95;1.95;1.73;2.9;1.6;;
12:00;Ljungskile;Rosengard;387;1.4;5.1;5.6;2.5;1.47;2.2;1.6;4.1;1.87
12:00;Kottern;Ismaning;;2.65;3.7;2.17;2.3;1.55;2.35;1.5;;
12:00;SV Heimstetten;Landsberg;;3.8;4.0;1.67;2.95;1.35;1.85;1.38;;
12:00;Schalding;Erlbach;;2.6;3.9;2.13;2.85;1.37;1.92;1.36;;
12:00;TUS Geretsried;FC Sturm Hauzenberg;;2.37;3.7;2.4;2.48;1.48;2.17;1.43;;
12:00;Auerbach;Sandersdorf;;2.55;3.6;2.27;2.33;1.53;2.3;1.47;;
12:00;Bischofswerdaer;1. FC Lok Stendal;;2.18;3.4;2.8;1.95;1.76;2.85;1.63;;
12:00;Freital;1. SC 1911 Heiligenstadt;;1.27;4.7;9.2;2.32;1.55;2.31;1.93;;
12:00;Grimma;VfB Empor Glauchau;;2.8;3.4;2.18;1.95;1.76;2.85;1.63;;
12:00;RSV Eintracht;Einheit Wernigerode;;1.52;4.4;4.5;3.0;1.35;1.85;1.43;;
12:00;Meppen II;Delmenhorst;;2.7;4.0;2.06;3.0;1.35;1.85;1.33;;
12:00;RW Koblenz;SF Eisbachtal;;2.15;3.9;2.6;3.0;1.35;1.85;1.33;;
12:00;Wormatia Worms;TUS Koblenz 1911;;2.08;4.4;2.5;4.9;1.13;1.38;1.17;;
12:00;Heider SV;Todesfelde;;3.5;4.6;1.65;5.2;1.13;1.36;1.18;;
12:00;SV Eutin 08;Kaltenkirchener Turnerschaft;;2.75;4.4;1.93;5.4;1.12;1.33;1.15;;
12:00;Union Neumunster;Hohenwestedt;;1.42;4.8;5.0;3.7;1.23;1.6;1.35;;
12:00;Araz;Sabah;757;3.3;3.15;2.12;1.55;2.25;4.33;1.95;5.6;2.72
12:00;Reggiana U19;Entella U19;389;4.0;3.5;1.75;2.03;1.67;2.72;1.7;4.45;2.03
12:00;Young Boys II;Lausanne II;771;2.35;3.75;2.4;2.85;1.35;1.9;1.32;3.15;1.53
12:30;Austria Salzburg;Austria Vienna II;793;2.1;3.5;3.25;2.1;1.7;2.8;1.6;4.3;2.03
12:30;Slavia Sofia;Cherno More;763;3.25;3.15;2.25;1.7;2.03;3.7;1.8;5.0;2.45
12:30;Puskas Ac.;MTK Budapest;796;1.75;4.05;3.95;2.5;1.47;2.2;1.47;3.7;1.73
12:30;Karpaty Lviv;Rukh Lviv;756;1.65;3.35;4.65;1.67;2.03;3.7;2.0;5.45;2.63
12:30;Kromeriz;Jihlava;770;2.45;3.25;2.68;1.87;1.82;3.15;1.65;4.55;2.15
12:30;Pribram;Chrudim;768;2.27;3.15;3.0;1.85;1.85;3.2;1.67;4.6;2.18
12:30;Taborsko;Slavia Prague B;762;1.75;3.45;4.4;1.87;1.82;3.15;1.75;4.8;2.25
12:30;Bielsko-Biala;Ol. Grudziadz;771;2.45;3.45;2.57;2.23;1.57;2.47;1.48;3.85;1.83
12:30;Brescia;Albinoleffe;747;1.33;4.1;8.75;1.7;2.0;3.6;2.52;6.75;3.3
12:30;Guidonia;Torres;755;2.45;2.9;2.8;1.5;2.35;4.55;1.97;5.75;2.8
12:30;Juventus U23;Pontedera;758;1.72;3.4;4.35;1.72;1.95;3.5;1.88;5.2;2.47
12:30;Ternana;Arezzo;751;2.8;2.8;2.52;1.47;2.45;4.95;2.05;6.1;3.0
12:30;Atalanta U23;Picerno;765;1.55;3.95;4.7;2.12;1.62;2.6;1.65;4.45;2.03
12:30;Cavese;Crotone;761;3.3;3.3;2.0;1.77;1.9;3.4;1.73;4.85;2.3
12:30;LKS Lomza;Swit Mazowiecki;;1.66;3.8;4.1;2.25;1.58;2.4;1.58;;
12:30;Preussen Munster 2;Arminia Bielefeld II;;1.82;4.5;2.95;5.2;1.13;1.36;1.17;;
12:30;Cittadella U19;Sudtirol U19;391;2.4;3.3;2.57;2.0;1.7;2.75;1.6;4.25;1.97
12:30;Padova U19;Venezia U19;391;2.75;3.35;2.23;2.07;1.65;2.63;1.57;4.1;1.93
12:45;Arka Gdynia;Piast Gliwice;790;2.63;3.2;2.75;1.72;2.12;3.85;1.85;5.0;2.5
12:55;Nizwa;Dhofar;381;5.6;3.9;1.48;2.05;1.67;2.75;1.77;4.8;2.23
12:55;Al Bataeh;Shabab Al-Ahli Dubai;754;7.3;4.5;1.37;2.07;1.67;2.72;1.95;5.1;2.37
12:55;Khorfakkan;Ittihad Kalba;768;3.05;3.35;2.18;2.0;1.72;2.85;1.6;4.3;2.03
13:00;Parma;Como;894;4.15;3.45;1.92;1.73;2.1;3.8;1.9;5.3;2.5
13:00;Udinese;Lecce;871;1.92;3.35;4.3;1.6;2.35;4.5;2.07;6.0;2.85
13:00;IMT;OFK Beograd;796;2.4;3.5;2.57;2.37;1.52;2.32;1.42;3.65;1.72
13:00;Radnicki 1923;TSC;787;1.75;3.45;4.05;2.03;1.7;2.8;1.62;4.45;2.03
13:00;Avellino;Spezia;778;2.85;2.95;2.78;1.55;2.45;4.85;2.07;5.8;2.9
13:00;Entella;Pescara;782;1.77;3.4;5.1;1.65;2.3;4.33;2.17;5.9;2.9
13:00;Monza;Reggiana;783;1.57;3.9;6.4;1.85;2.0;3.55;2.1;5.6;2.68
13:00;Sampdoria;Frosinone;785;2.42;3.0;3.3;1.6;2.37;4.55;2.03;5.7;2.8
13:00;Sudtirol;Cesena;789;2.9;3.05;2.65;1.67;2.23;4.15;1.93;5.3;2.63
13:00;Otelul;U. Cluj;781;2.75;2.8;2.85;1.6;2.35;4.45;2.0;5.5;2.75
13:00;Djurgarden;Varnamo;794;1.25;6.3;9.5;3.15;1.37;1.9;1.7;4.05;1.9
13:00;Dukla Prague;Slovacko;783;2.35;3.15;3.25;1.6;2.3;4.35;1.95;5.6;2.72
13:00;Hradec Kralove;Teplice;786;1.83;3.65;4.4;1.8;2.0;3.6;1.87;5.2;2.42
13:00;Mlada Boleslav;Karvina;797;2.05;3.85;3.3;2.45;1.53;2.35;1.47;3.75;1.77
13:00;Zlin;Pardubice;786;2.15;3.35;3.45;1.8;2.0;3.55;1.77;5.0;2.37
13:00;Slavia Mozyr;Neman;761;2.32;2.8;3.3;1.65;2.1;3.9;1.85;5.2;2.57
13:00;FK Liepaja;Jelgava;766;1.85;3.55;3.45;2.05;1.67;2.75;1.57;4.25;1.97
13:00;Connahs Q.;Haverfordwest;756;1.47;3.95;5.9;2.0;1.7;2.8;1.85;4.95;2.3
13:00;Radomlje;Koper;768;4.15;3.75;1.75;2.03;1.72;2.85;1.67;4.5;2.1
13:00;Pendikspor;Serik Bld;764;1.55;4.15;5.35;2.18;1.6;2.57;1.67;4.5;2.05
13:00;Pacos Ferreira;Portimonense;767;2.55;3.35;2.6;1.75;2.0;3.6;1.77;4.9;2.37
13:00;Jarun;Karlovac;753;3.15;2.9;2.17;1.5;2.3;4.5;1.97;5.7;2.78
13:00;Brage;Helsingborg;772;2.45;3.7;2.63;2.23;1.63;2.6;1.53;4.0;1.88
13:00;Oddevold;Ostersund;767;1.97;3.55;3.7;2.0;1.8;3.0;1.67;4.55;2.12
13:00;Sandviken;Utsiktens;771;1.95;3.65;3.65;2.15;1.67;2.72;1.6;4.25;1.97
13:00;Sundsvall;Kalmar;761;6.9;4.4;1.45;2.1;1.7;2.78;1.9;5.0;2.33
13:00;Guarani U20;Sao Paulo U20;;3.05;3.3;2.08;;;;;;
13:00;Blekitni Stargard;Pogon NS;;1.41;4.4;5.8;2.33;1.53;2.33;1.7;;
13:00;Cracovia II;Wisla II Krakow;;1.57;4.3;4.1;3.0;1.35;1.85;1.41;;
13:00;MKS Viktoria Wrzesnia;Unia Swarzedz;;3.3;3.55;1.91;2.08;1.67;2.6;1.6;;
13:00;Siarka;Stal Krasnik;;1.76;3.65;3.75;2.1;1.65;2.6;1.62;;
13:00;WDA Swiecie;Zawisza;;5.2;4.1;1.48;2.16;1.62;2.5;1.72;;
13:00;Chelsea U21;Arsenal U21;390;1.73;4.15;3.7;3.1;1.3;1.8;1.32;3.0;1.5
13:00;Collina d'Oro;Taverne;;2.1;3.3;2.9;2.07;1.62;2.57;;;
13:00;Nykobing;Naesby;;1.67;3.75;4.1;2.2;1.57;2.5;1.57;;
13:00;Al Seeb;Bashundara Kings;;1.82;2.9;4.25;1.37;2.75;5.8;2.42;;
13:00;Richards Bay;Durban City;763;2.4;3.1;2.85;1.65;2.07;3.8;1.82;5.1;2.47
13:00;Wales;Australia;392;3.2;3.5;1.97;2.1;1.63;2.6;1.6;4.2;1.93
13:00;Coburg;SpVgg SV Weiden;;2.6;3.9;2.13;3.0;1.35;1.85;1.33;;
13:00;Fortuna Regensburg;Ingolstadt II;;2.65;3.7;2.16;2.47;1.48;2.18;1.43;;
13:00;Gundelfingen;Kirchanschoring;;2.55;3.95;2.15;3.1;1.32;1.8;1.32;;
13:00;Hilden;Uerdingen;;2.46;4.2;2.16;4.1;1.2;1.51;1.22;;
13:00;TSV Wetschen;Bersenbruck;;4.1;4.4;1.56;3.85;1.22;1.56;1.28;;
13:00;Idar Oberstein;Hertha Wiesbach;;3.85;4.5;1.6;3.85;1.22;1.56;1.28;;
13:00;Pyunik Yerevan;Gandzasar;757;1.2;5.8;11.0;2.6;1.43;2.12;2.0;4.9;2.3
13:00;Sidama Bunna;Hawassa;;2.3;2.78;3.2;1.37;2.8;6.0;2.25;;
13:00;Napoli U20;Monza U20;389;2.6;3.25;2.4;1.95;1.73;2.9;1.57;4.3;2.03
13:00;Roma U20;Torino U20;388;1.43;4.35;5.6;2.5;1.45;2.17;1.6;4.05;1.87
13:00;Paradiso;Kreuzlingen;773;1.75;3.95;3.5;2.9;1.35;1.9;1.35;3.25;1.55
13:00;Newcastle;Como;;2.1;3.8;2.95;2.6;1.43;;;;
13:30;Augsburg;RB Leipzig;907;3.3;4.0;2.07;2.8;1.45;2.1;1.4;3.45;1.65
13:30;Frankfurt;St. Pauli;904;1.72;4.25;4.65;2.4;1.6;2.47;1.57;4.1;1.9
13:30;Hamburger;Wolfsburg;894;2.35;3.7;2.95;2.32;1.63;2.57;1.52;3.95;1.87
13:30;Hoffenheim;Heidenheim;903;1.6;4.45;5.6;2.6;1.5;2.25;1.57;4.0;1.85
13:30;M'Gladbach;Bayern;903;11.0;6.8;1.23;3.85;1.25;1.65;1.57;3.6;1.75
13:30;Rostov;Dynamo Makhachkala;779;1.77;3.45;5.3;1.57;2.45;4.8;2.25;6.5;3.1
13:30;Cape Town;The Bees;758;1.83;3.25;3.9;1.7;2.0;3.6;1.87;5.1;2.45
13:30;Pretoria U.;Upington City;739;2.15;2.75;3.5;1.35;2.9;6.4;2.37;7.1;3.65
13:30;SD Zamudio;CD Derio;;2.38;3.15;2.65;1.68;2.05;3.55;1.81;;
13:30;Bala;Barry;769;2.7;3.4;2.25;2.05;1.65;2.72;1.53;4.1;1.95
13:30;Briton Ferry;Colwyn Bay;770;3.7;3.65;1.77;2.25;1.55;2.45;1.52;3.95;1.85
13:30;Penybont;Caernarfon;769;1.8;3.65;3.55;2.23;1.55;2.45;1.52;3.95;1.85
13:30;Michalovce;Dun. Streda;767;3.95;3.75;1.82;2.05;1.7;2.8;1.63;4.4;2.03
13:30;Trencin;Komarno;769;2.28;3.4;2.95;1.95;1.77;3.0;1.62;4.4;2.07
13:30;Zilina;Skalica;764;1.6;4.05;4.95;2.1;1.65;2.68;1.67;4.55;2.07
13:30;07 Vestur;Streymur;388;1.55;4.15;4.55;2.6;1.42;2.1;1.48;3.7;1.73
13:30;B36 Torshavn;Suduroy;379;1.16;6.5;11.0;3.5;1.23;1.65;1.67;3.8;1.85
13:30;NSI Runavik;Klaksvik;392;2.85;3.6;2.07;2.4;1.5;2.27;1.43;3.6;1.72
13:30;Vikingur Gota;HB Torshavn;390;2.55;3.45;2.33;2.2;1.57;2.47;1.48;3.85;1.82
13:30;TB Tvoroyri;Toftir;390;4.05;4.15;1.6;2.9;1.35;1.9;1.38;3.35;1.6
13:30;Brickfield;Gresford;393;2.12;3.85;2.65;3.0;1.32;1.83;1.3;3.05;1.5
13:30;Caersws;Guilsfield;390;3.85;3.95;1.67;2.6;1.42;2.07;1.42;3.55;1.67
13:30;Mold Alexandra;Holywell;390;4.7;4.2;1.52;2.65;1.4;2.05;1.47;3.7;1.72
13:30;Newtown;Holyhead;385;1.27;5.35;7.4;3.25;1.27;1.73;1.52;3.5;1.72
13:30;Penrhyncoch;Flint Mountain;392;2.15;3.75;2.65;2.8;1.37;1.93;1.33;3.2;1.55
13:30;Cardiff Draconians;Trethomas Bluebirds;390;2.18;3.05;3.1;1.67;2.03;3.7;1.77;5.0;2.45
13:30;Llantwit Major;Ynyshir Albions;390;1.62;3.75;4.55;2.07;1.65;2.72;1.7;4.45;2.05
13:30;FV Diefflen;FV Dudenhofen;;1.63;4.2;3.9;2.9;1.36;1.9;1.41;;
13:30;FV Eppelborn;FC Emmelshausen-Karbach;;10.0;5.2;1.22;2.95;1.35;1.85;1.72;;
13:30;Kaiserslautern II;Engers;;2.05;3.9;2.75;3.0;1.35;1.85;1.33;;
13:30;SV Auersmacher;TSV Gau-Odernheim;;2.5;3.7;2.26;2.46;1.48;2.18;1.43;;
13:30;Basel II;Cham;777;2.03;3.8;2.8;2.8;1.35;1.93;1.33;3.2;1.55
13:30;Manchester Utd;RB Leipzig;;2.65;4.0;2.23;3.15;1.3;;;;
13:45;Lokomotiva Zg;Istra 1961;787;2.37;3.1;3.05;1.7;2.05;3.75;1.8;5.0;2.47
13:45;Valletta;Hibernians;385;1.57;3.7;5.4;1.83;1.85;3.25;1.92;5.25;2.45
14:00;Chelsea;Sunderland;883;1.45;4.8;7.75;2.1;1.77;2.95;2.0;5.3;2.45
14:00;Newcastle;Fulham;881;1.65;3.95;5.8;1.88;1.95;3.4;1.97;5.4;2.52
14:00;Dundee United;St. Mirren;792;2.27;3.3;3.2;1.88;1.93;3.35;1.73;4.65;2.25
14:00;Falkirk;Dundee FC;792;1.77;3.7;4.45;2.0;1.82;3.05;1.75;4.65;2.18
14:00;Livingston;Motherwell;795;3.35;3.45;2.13;2.0;1.8;3.05;1.67;4.45;2.12
14:00;Blackburn;Southampton;796;3.15;3.3;2.33;1.85;1.95;3.45;1.75;4.7;2.28
14:00;Bristol City;Birmingham;786;2.2;3.2;3.55;1.72;2.1;3.85;1.88;5.1;2.52
14:00;Derby;QPR;792;2.65;3.25;2.75;1.75;2.07;3.7;1.82;4.9;2.42
14:00;Hull;Charlton;792;2.6;3.3;2.78;1.8;2.03;3.6;1.77;4.85;2.35
14:00;Middlesbrough;Wrexham;786;1.7;3.75;5.1;1.82;2.0;3.55;1.95;5.2;2.5
14:00;Millwall;Leicester;789;2.65;3.2;2.78;1.7;2.13;3.9;1.85;5.1;2.5
14:00;Sheffield Wed;Oxford Utd;792;2.85;3.3;2.52;1.8;2.03;3.6;1.8;4.85;2.35
14:00;Swansea;Norwich;792;2.23;3.5;3.2;1.9;1.9;3.3;1.73;4.65;2.23
14:00;Westerlo;Dender;795;1.72;4.1;4.45;2.3;1.63;2.57;1.63;4.15;1.95
14:00;Kocaelispor;Alanyaspor;790;2.37;3.25;3.1;1.8;2.0;3.55;1.75;4.9;2.33
14:00;AFC Wimbledon;Burton;756;2.05;3.15;3.9;1.55;2.3;4.4;2.0;5.8;2.8
14:00;Barnsley;Rotherham;767;1.87;3.75;3.9;2.1;1.65;2.7;1.6;4.25;1.97
14:00;Leyton Orient;Lincoln;769;2.6;3.3;2.68;1.83;1.88;3.3;1.67;4.65;2.23
14:00;Northampton;Luton;757;4.05;3.25;2.0;1.6;2.23;4.2;1.97;5.6;2.72
14:00;Peterborough;Blackpool;768;2.25;3.35;3.15;1.9;1.8;3.1;1.65;4.55;2.15
14:00;Reading;Doncaster;768;2.23;3.35;3.2;1.92;1.8;3.05;1.63;4.5;2.12
14:00;Stevenage;Bradford City;765;2.52;3.2;2.85;1.7;2.05;3.75;1.8;5.0;2.45
14:00;Wycombe;Huddersfield;766;2.1;3.4;3.4;1.88;1.83;3.15;1.67;4.65;2.2
14:00;Barrow;Barnet;762;3.75;3.4;2.0;1.75;1.95;3.5;1.77;4.95;2.37
14:00;Bromley;MK Dons;769;2.68;3.3;2.6;1.83;1.88;3.3;1.67;4.65;2.23
14:00;Crawley;Bristol Rovers;769;2.3;3.35;3.05;1.95;1.77;3.0;1.62;4.4;2.1
14:00;Crewe;Grimsby;767;2.8;3.35;2.47;1.85;1.85;3.25;1.67;4.65;2.2
14:00;Gillingham;Salford;769;2.63;3.3;2.63;1.82;1.9;3.35;1.7;4.7;2.25
14:00;Harrogate;Newport;761;1.93;3.45;3.95;1.77;1.95;3.5;1.8;5.0;2.35
14:00;Notts County;Cambridge United;760;2.35;3.05;3.25;1.57;2.25;4.3;1.93;5.5;2.7
14:00;Oldham;Shrewsbury;759;1.95;3.4;4.0;1.7;2.05;3.7;1.87;5.2;2.47
14:00;Swindon;Colchester;772;2.12;3.6;3.2;2.2;1.6;2.55;1.52;4.0;1.88
14:00;Tranmere;Chesterfield;770;2.68;3.4;2.55;1.9;1.8;3.05;1.63;4.5;2.12
14:00;Braintree Town;Altrincham;770;2.63;3.45;2.5;2.05;1.7;2.78;1.55;4.2;1.97
14:00;Eastleigh;Morecambe;773;1.92;3.9;3.4;2.28;1.55;2.45;1.5;3.9;1.82
14:00;Forest Green;Boreham Wood;764;2.15;3.25;3.35;1.8;1.9;3.35;1.72;4.75;2.27
14:00;Gateshead;Truro;769;2.2;3.5;3.0;1.97;1.75;2.9;1.6;4.35;2.05
14:00;Hartlepool;Solihull Moors;767;1.72;4.05;4.15;2.2;1.6;2.55;1.57;4.2;1.93
14:00;Scunthorpe;Aldershot;771;1.7;4.3;4.0;2.55;1.45;2.17;1.45;3.65;1.72
14:00;Southend;Brackley Town;758;1.65;3.75;5.0;1.75;1.97;3.55;1.97;5.4;2.57
14:00;Wealdstone;Sutton;769;2.15;3.45;3.2;2.05;1.7;2.78;1.57;4.2;2.0
14:00;Woking;Rochdale;764;3.75;3.65;1.9;1.92;1.8;3.05;1.67;4.6;2.13
14:00;Yeovil;Carlisle;762;3.9;3.45;1.92;1.85;1.85;3.25;1.73;4.8;2.25
14:00;Kettering Town;Needham Market;389;2.1;3.4;3.1;1.97;1.73;2.9;1.6;4.35;2.05
14:00;Stamford;Barwell;390;2.2;3.25;3.05;1.87;1.82;3.15;1.65;4.55;2.17
14:00;Evesham United;Uxbridge;389;2.4;3.05;2.75;1.85;1.83;3.15;1.65;4.55;2.17
14:00;Hungerford;Weymouth;388;1.95;3.35;3.4;1.87;1.8;3.1;1.67;4.6;2.17
14:00;Sholing;Gosport Borough;389;2.07;3.15;3.25;1.72;1.95;3.5;1.77;4.9;2.37
14:00;Tiverton Town;Yate Town;389;2.45;3.2;2.57;1.97;1.7;2.85;1.57;4.25;2.0
14:00;Viking;Bryne;783;1.27;6.0;9.5;2.65;1.47;2.15;1.83;4.65;2.13
14:00;Akranes;Afturelding;775;2.45;3.75;2.52;2.55;1.45;2.17;1.4;3.5;1.67
14:00;Hafnarfjordur;Fram;778;1.87;4.2;3.35;3.25;1.3;1.77;1.3;2.9;1.47
14:00;Vestri;KR Reykjavik;775;3.4;4.0;1.9;2.55;1.45;2.15;1.42;3.55;1.67
14:00;Gnistan;Ilves;797;5.4;4.85;1.5;3.25;1.32;1.82;1.42;3.25;1.62
14:00;El Bayadh;Oran;742;2.45;2.75;3.15;1.35;2.95;6.4;2.33;7.0;3.6
14:00;Castellon B;Terrassa;765;2.85;3.55;2.2;2.28;1.55;2.42;1.47;3.75;1.8
14:00;Silva SD;Club Juventud Cambados;;2.5;2.85;2.8;1.42;2.65;5.2;2.18;;
14:00;CD Montanas Del Pas;CD Laredo;;3.9;3.3;1.81;1.9;1.81;2.95;1.71;;
14:00;CD Mojados;Leonesa B;;2.5;3.15;2.5;1.68;2.05;3.55;1.81;;
14:00;Beti Onak;FC Bidezarra;;2.55;2.65;2.95;1.72;2.0;3.25;1.68;;
14:00;CD Roda;CA Torrellano;;3.15;3.25;2.07;1.53;2.35;4.4;2.06;;
14:00;Cleethorpes;Warrington;390;2.2;3.1;3.0;1.77;1.9;3.35;1.7;4.75;2.27
14:00;Warrington;Lancaster;390;3.2;3.05;2.15;1.65;2.07;3.85;1.83;5.1;2.52
14:00;Whitby;Rushall;389;2.62;3.15;2.45;1.85;1.82;3.15;1.65;4.55;2.15
14:00;Chernomorets N.;Chelyabinsk;752;2.35;2.9;3.3;1.43;2.65;5.5;2.18;6.6;3.25
14:00;Shinnik;S. Kostroma;751;2.8;2.9;2.65;1.45;2.65;5.45;2.15;6.5;3.2
14:00;Achnas;Paralimni;760;1.8;3.4;4.4;1.75;2.0;3.6;1.9;5.2;2.5
14:00;Tammeka;Tallinna Kalev;778;1.57;4.45;4.3;3.3;1.28;1.75;1.33;3.0;1.5
14:00;Carrick Rangers;Cliftonville;767;2.55;3.25;2.55;1.77;1.93;3.45;1.72;4.8;2.28
14:00;Crusaders;Glentoran;762;4.4;3.7;1.7;1.88;1.8;3.1;1.77;4.85;2.27
14:00;Dungannon;Glenavon;761;1.67;3.85;4.3;1.95;1.75;2.95;1.72;4.65;2.17
14:00;Linfield;Ballymena;753;1.35;4.7;7.4;2.07;1.65;2.72;1.95;5.1;2.4
14:00;Portadown;Coleraine;756;5.9;4.33;1.45;2.05;1.67;2.75;1.82;4.85;2.23
14:00;Haras El Hodood;Ghazl Al-Mehalla;735;3.35;2.55;2.52;1.33;3.0;6.7;2.37;7.2;3.75
14:00;Kifisia;Panetolikos;786;2.0;3.3;3.95;1.7;2.15;3.95;1.95;5.3;2.57
14:00;Airdrieonians;Arbroath;765;2.95;3.2;2.37;1.73;2.05;3.7;1.8;5.0;2.45
14:00;Morton;St Johnstone;764;4.5;3.55;1.77;1.82;1.95;3.45;1.87;5.1;2.42
14:00;Queens Park;Ayr;762;4.1;3.45;1.85;1.75;2.03;3.65;1.9;5.2;2.5
14:00;Raith;Partick Thistle;761;2.52;3.15;2.8;1.65;2.18;4.05;1.9;5.35;2.62
14:00;Ross County;Dunfermline;763;2.13;3.25;3.45;1.73;2.05;3.75;1.85;5.1;2.5
14:00;Asane;Start;768;4.15;3.9;1.75;2.25;1.57;2.47;1.55;4.05;1.88
14:00;Hodd;Stabaek;770;3.7;3.9;1.83;2.25;1.57;2.47;1.52;3.95;1.85
14:00;Lillestrom;Ranheim;765;1.2;6.7;11.0;3.25;1.3;1.77;1.7;3.95;1.92
14:00;Lyn;Kongsvinger;775;2.55;3.65;2.47;2.6;1.43;2.12;1.38;3.4;1.63
14:00;Mjondalen;Odd;772;3.0;3.65;2.18;2.28;1.55;2.45;1.48;3.8;1.82
14:00;Moss;Aalesund;770;4.2;3.9;1.75;2.35;1.53;2.37;1.52;3.9;1.83
14:00;Sogndal;Egersund;775;2.15;3.8;2.9;2.4;1.5;2.27;1.43;3.6;1.73
14:00;Club Brugge U23;OC Charleroi;768;1.72;3.8;4.1;2.27;1.55;2.42;1.53;4.0;1.87
14:00;Alloa;Stenhousemuir;767;2.7;3.35;2.45;1.75;1.95;3.5;1.73;4.85;2.3
14:00;Kelty Hearts;East Fife;765;4.1;3.6;1.8;1.93;1.77;3.0;1.7;4.6;2.15
14:00;Montrose;Cove Rangers;763;2.1;3.25;3.4;1.7;2.0;3.65;1.8;5.0;2.42
14:00;Peterhead;Inverness;766;4.25;3.7;1.75;2.07;1.67;2.72;1.63;4.4;2.03
14:00;Fethiyespor;Kirklarelispor;385;1.72;3.25;4.55;1.65;2.05;3.8;1.97;5.45;2.62
14:00;AFC Fylde;Hereford;767;1.52;4.25;5.1;2.45;1.47;2.23;1.55;4.0;1.85
14:00;Buxton;Alfreton Town;761;1.67;3.75;4.4;2.0;1.72;2.85;1.7;4.6;2.13
14:00;Chester;Bedford;759;1.6;3.7;5.1;2.05;1.67;2.75;1.72;4.6;2.15
14:00;Chorley;Merthyr Town;765;1.4;4.6;6.5;2.8;1.37;1.97;1.55;3.85;1.8
14:00;Curzon Ashton;Peterborough S.;763;1.82;3.35;4.15;1.95;1.75;2.95;1.67;4.55;2.13
14:00;Darlington;Southport;763;2.17;3.15;3.2;1.75;1.95;3.5;1.73;4.85;2.33
14:00;Kidderminster;Spennymoor;767;2.12;3.35;3.15;1.95;1.75;2.95;1.62;4.4;2.07
14:00;Kings Lynn;Radcliffe;769;2.6;3.35;2.45;2.03;1.7;2.78;1.55;4.2;1.97
14:00;Macclesfield;South Shields;772;2.95;3.55;2.15;2.2;1.6;2.52;1.5;3.95;1.85
14:00;Oxford City;Leamington;760;1.7;3.55;4.6;1.92;1.77;3.0;1.73;4.7;2.2
14:00;Scarborough;Marine;764;1.85;3.5;3.8;1.92;1.77;3.0;1.67;4.55;2.13
14:00;Telford;Worksop;769;1.88;3.6;3.6;2.1;1.65;2.68;1.57;4.2;1.95
14:00;AFC Totton;Chelmsford;767;2.1;3.4;3.1;1.95;1.75;2.95;1.6;4.4;2.07
14:00;Chippenham;Dag & Red;763;3.5;3.35;1.97;1.85;1.85;3.2;1.7;4.7;2.23
14:00;Dorking;Torquay;768;2.18;3.3;3.1;1.9;1.8;3.05;1.63;4.5;2.13
14:00;Eastbourne Boro;Chesham;761;2.28;3.05;3.1;1.65;2.1;3.9;1.85;5.2;2.52
14:00;Ebbsfleet;Salisbury;761;1.73;3.45;4.55;1.85;1.85;3.2;1.77;4.85;2.3
14:00;Farnborough;Maidenhead;766;3.25;3.25;2.1;1.83;1.85;3.25;1.7;4.7;2.23
14:00;Hemel Hempstead;Bath;759;2.0;3.2;3.6;1.65;2.1;3.85;1.88;5.3;2.57
14:00;Hornchurch;Hampton & Rich.;763;1.47;4.25;5.75;2.25;1.55;2.45;1.7;4.45;2.05
14:00;Horsham;Enfield Town;764;1.6;3.95;4.75;2.1;1.65;2.68;1.67;4.5;2.07
14:00;Slough;Maidstone;769;3.65;3.65;1.83;2.15;1.62;2.6;1.55;4.15;1.92
14:00;Tonbridge;Weston-super-Mare;764;3.85;3.45;1.85;1.9;1.8;3.05;1.7;4.65;2.17
14:00;Worthing;Dover;766;1.45;4.5;5.8;2.55;1.45;2.15;1.57;4.0;1.87
14:00;Cray;Dartford;390;2.52;3.6;2.3;2.25;1.55;2.42;1.45;3.75;1.8
14:00;Potters Bar;Aveley;390;2.9;3.1;2.27;1.77;1.9;3.4;1.7;4.75;2.27
14:00;Ramsgate;Carshalton;390;2.15;3.45;2.8;2.15;1.6;2.55;1.5;3.95;1.87
14:00;Alvechurch;Worcester City;753;2.07;3.0;3.4;1.48;2.4;4.8;2.07;6.1;2.95
14:00;Anstey Nomads;Stratford;772;1.97;3.6;3.05;2.17;1.6;2.52;1.52;4.0;1.87
14:00;Billericay Town;Bishop's Stortford;762;1.93;3.45;3.3;1.8;1.85;3.25;1.7;4.7;2.23
14:00;Basingstoke;Dorchester;771;2.2;3.45;2.75;2.2;1.57;2.5;1.48;3.9;1.83
14:00;Bracknell;Banbury;764;2.23;3.55;2.68;2.33;1.5;2.33;1.45;3.65;1.75
14:00;Bradford PA;Morpeth;769;2.35;3.25;2.68;1.93;1.75;2.95;1.6;4.35;2.05
14:00;Brentwood;Welling;771;1.72;3.9;3.7;2.37;1.5;2.3;1.48;3.8;1.77
14:00;Burgess Hill;Folkestone;764;3.15;3.2;2.07;1.85;1.83;3.2;1.67;4.65;2.2
14:00;Clitheroe;Stockton Town;763;3.25;3.55;1.92;1.85;1.83;3.2;1.7;4.65;2.2
14:00;Farnham Town;Bishops Cleeve;768;1.6;4.0;4.3;2.45;1.47;2.2;1.5;3.8;1.77
14:00;Gloucester City;Havant & W;759;1.83;3.35;3.8;1.82;1.85;3.25;1.73;4.8;2.25
14:00;Harborough;Rushden & Diamonds;768;1.65;3.85;4.15;2.33;1.5;2.33;1.53;3.95;1.85
14:00;Hyde;Stocksbridge;776;2.03;3.65;2.9;2.5;1.45;2.17;1.4;3.5;1.67
14:00;Ilkeston;St Ives;770;2.07;3.45;2.95;2.15;1.6;2.55;1.5;4.0;1.87
14:00;Leatherhead;Canvey;773;1.82;3.8;3.35;2.5;1.45;2.17;1.42;3.6;1.67
14:00;Leek Town;Bromsgrove;776;2.03;3.65;2.9;2.5;1.45;2.17;1.4;3.5;1.67
14:00;Plymouth Parkway;Poole;774;2.35;3.6;2.47;2.5;1.45;2.15;1.38;3.45;1.65
14:00;Prescot Cables;Guiseley;757;2.25;2.95;3.05;1.57;2.2;4.15;1.9;5.4;2.65
14:00;Real Bedford;Ashford U.;766;1.43;4.45;5.45;2.45;1.47;2.2;1.6;4.05;1.88
14:00;Redditch;Gainsborough;763;2.15;3.05;3.15;1.67;2.03;3.7;1.8;5.0;2.45
14:00;Sittingbourne;Cray Valley;775;2.8;3.6;2.1;2.4;1.48;2.25;1.42;3.6;1.72
14:00;Spalding United;Corby;762;1.22;5.7;9.0;2.85;1.35;1.92;1.73;4.3;2.0
14:00;St Albans;Hanwell Town;772;2.05;3.55;2.95;2.27;1.55;2.4;1.47;3.8;1.8
14:00;Stanway Rovers;Harrow Borough;776;2.05;3.75;2.85;2.7;1.38;2.0;1.35;3.3;1.6
14:00;Sudbury;Leiston;774;3.05;3.65;1.97;2.4;1.48;2.25;1.43;3.6;1.72
14:00;Tilbury;Hadley;774;2.33;3.65;2.47;2.55;1.43;2.12;1.38;3.4;1.63
14:00;United of Manchester;Bamber Bridge;765;1.82;3.45;3.7;2.03;1.67;2.75;1.62;4.35;2.03
14:00;Waltham Abbey;Chatham;767;3.85;3.65;1.75;2.15;1.6;2.57;1.57;4.15;1.93
14:00;Walton & Hersham;Hendon;766;1.35;4.9;6.2;3.05;1.32;1.82;1.48;3.65;1.7
14:00;Wimborne;AFC Portchester;767;1.42;4.55;5.45;2.8;1.37;1.95;1.48;3.7;1.72
14:00;Wingate & Finchley;Cheshunt;770;2.55;3.4;2.37;2.15;1.6;2.57;1.5;4.0;1.87
14:00;Caledonian Braves;Stirling;768;2.8;3.3;2.32;1.95;1.75;2.95;1.6;4.4;2.07
14:00;Clyde;Annan;768;2.2;3.35;3.0;2.0;1.72;2.85;1.6;4.3;2.03
14:00;Cumbernauld Colts;Bonnyrigg Rose;777;2.9;3.85;2.05;2.9;1.35;1.92;1.33;3.2;1.55
14:00;Spartans;East Kilbride;770;2.4;3.45;2.62;2.1;1.65;2.68;1.53;4.1;1.92
14:00;Regar-TadAZ;Muras United;;3.45;2.78;2.1;1.38;2.7;5.7;2.25;;
14:00;AFC Eskilstuna;Stockholm Int.;388;5.0;4.3;1.53;2.27;1.55;2.42;1.62;4.25;1.95
14:00;Husqvarna;Torslanda;387;1.5;4.3;5.4;2.25;1.55;2.45;1.67;4.35;2.0
14:00;Oskarshamn;Lunds;389;2.32;3.3;2.8;1.95;1.75;2.95;1.6;4.35;2.05
14:00;Skovde AIK;Haessleholm;390;3.5;3.65;1.88;2.15;1.62;2.6;1.55;4.1;1.9
14:00;Ards;Institute;767;1.73;3.65;3.9;2.15;1.6;2.57;1.57;4.2;1.93
14:00;Armagh;Queens Univ.;771;2.3;3.55;2.55;2.2;1.57;2.5;1.48;3.9;1.83
14:00;Dundela;Limavady;766;4.25;3.85;1.62;2.15;1.6;2.57;1.62;4.3;1.97
14:00;H&W Welders;Ballinamallard;765;1.38;4.85;5.6;2.4;1.47;2.23;1.62;4.15;1.9
14:00;Loughgall;Newington;772;1.97;3.85;2.95;2.2;1.57;2.5;1.5;3.95;1.85
14:00;Gebenbach;SC Grosschwarzenlohe;;1.95;3.65;3.1;2.33;1.53;2.31;1.5;;
14:00;Monheim;SW Essen;;5.8;4.5;1.4;2.95;1.35;1.85;1.5;;
14:00;Rudar Prijedor;Zeljeznicar;754;3.75;3.15;1.9;1.57;2.2;4.15;1.97;5.6;2.68
14:00;Bavois;Schaffhausen;773;1.83;3.75;3.35;2.45;1.47;2.2;1.43;3.6;1.7
14:00;Bruhl;Grand-Saconnex;773;1.38;4.85;5.6;3.4;1.27;1.7;1.4;3.15;1.57
14:00;Luzern;Vevey;777;1.77;4.05;3.35;3.15;1.3;1.77;1.3;2.9;1.47
14:00;Kokand 1912;Navbahor;388;2.9;3.1;2.4;1.67;2.05;3.75;1.8;5.0;2.45
14:00;Belenenses U19;Sporting U19;;3.25;3.25;2.01;1.65;2.1;3.7;1.9;;
14:00;Braga U19;Famalicao U19;;2.26;3.5;2.6;2.23;1.58;2.41;1.5;;
14:00;Gil Vicente U19;Moreirense FC U19;;1.47;4.2;5.2;2.32;1.53;2.32;1.65;;
14:00;Pacos Ferreira U19;Chaves U19;;1.53;4.0;4.7;2.33;1.53;2.31;1.6;;
14:00;Tondela U19;Uniao de Leiria U19;;2.75;3.85;2.05;1.93;1.78;2.95;1.7;;
14:00;Torreense U19;Benfica U19;;4.8;3.85;1.55;2.1;1.65;2.6;1.71;;
14:00;Vizela U19;Rio Ave U19;;2.65;3.45;2.27;2.03;1.71;2.7;1.6;;
14:00;Chelsea;PSG;;2.72;4.4;2.07;4.95;1.13;;;;
14:15;Espanyol;Elche;898;1.92;3.5;4.45;1.75;2.1;3.8;1.92;5.35;2.55
14:15;Albacete;Cordoba;794;2.28;3.4;3.05;2.05;1.75;2.9;1.62;4.35;2.07
14:15;Eibar;Leganes;779;2.3;2.9;3.55;1.45;2.65;5.5;2.2;6.7;3.25
14:15;Arenas Getxo;Guadalajara;755;2.52;2.9;2.7;1.5;2.33;4.55;1.97;5.7;2.78
14:15;Cacereno;Ourense;742;1.67;3.15;5.2;1.47;2.4;4.9;2.32;6.7;3.25
14:15;Celta Vigo B;Racing Club Ferrol;759;2.68;2.95;2.52;1.57;2.2;4.2;1.9;5.4;2.65
14:15;Tarazona;Betis B;753;2.17;2.9;3.3;1.5;2.35;4.65;2.0;5.9;2.85
14:30;Schweinfurt;Osnabruck;785;4.6;3.8;1.72;2.0;1.75;2.9;1.7;4.6;2.15
14:30;Fortuna Sittard;Groningen;792;2.78;3.3;2.6;1.8;2.03;3.65;1.8;4.85;2.37
14:30;Den Haag;Den Bosch;788;1.19;7.0;11.0;3.3;1.3;1.77;1.73;3.9;1.9
14:30;Coruxo FC;UD Ourense;751;2.0;3.05;3.8;1.48;2.4;4.85;2.1;6.2;3.0
14:30;Dep. Fabril;Oviedo B;760;1.72;3.5;4.55;1.8;1.9;3.35;1.85;5.0;2.37
14:30;Mutilvera;Beasain;764;2.7;3.05;2.57;1.6;2.17;4.1;1.87;5.3;2.6
14:30;Pasaia;SD Deusto;;1.85;2.9;4.4;1.35;3.0;6.0;2.55;;
14:30;Santa Marta;Numancia B;;1.47;3.65;6.2;1.71;2.02;3.5;2.13;;
14:30;CD Ardoi FE;Oberena;;2.03;3.25;3.25;1.85;1.85;3.05;1.7;;
14:30;CD Anguiano;Yague;;2.35;3.2;2.7;1.76;1.95;3.3;1.75;;
14:30;CD Soneja;CF Villarreal C;;3.65;3.4;1.86;1.53;2.35;4.4;2.13;;
14:30;Al Ahli;Al Gharrafa;776;3.15;3.9;2.03;2.65;1.42;2.1;1.4;3.4;1.65
14:30;Al-Duhail;Shamal;776;1.85;4.05;3.55;2.7;1.4;2.03;1.38;3.4;1.62
14:30;Academico Viseu;Chaves;755;2.7;3.0;2.68;1.55;2.35;4.6;2.0;5.75;2.8
14:30;Feirense;Benfica B;765;2.4;3.15;2.95;1.72;2.05;3.7;1.8;5.0;2.45
14:30;Sao Jose;Braga B;390;2.7;3.1;2.52;1.63;2.13;3.95;1.85;5.2;2.55
14:30;Zira;SumQayit;749;1.53;3.6;6.3;1.65;2.1;3.9;2.23;6.2;3.0
14:40;Al Quadisiya;Al Akhdood;782;1.3;5.3;7.8;2.55;1.45;2.15;1.73;4.45;2.05
14:45;CF Vilanova I LA Geltru;Cerdanyola;;2.05;3.0;3.45;1.45;2.6;4.9;2.2;;
14:55;Al-Shabab;Damac;784;1.53;4.2;5.0;2.1;1.65;2.65;1.7;4.6;2.1
15:00;Brest;PSG;898;8.25;5.5;1.35;2.7;1.48;2.2;1.73;4.45;2.03
15:00;Radnik Sur.;Spartak S.;784;2.13;3.05;3.15;1.67;2.03;3.7;1.77;5.0;2.42
15:00;Altach;Hartberg;783;1.95;3.3;4.1;1.65;2.2;4.15;2.0;5.5;2.65
15:00;LASK;Grazer AK;788;1.55;4.15;5.75;2.05;1.77;2.95;1.85;4.85;2.27
15:00;Tirol;BW Linz;793;2.72;3.3;2.57;1.85;1.97;3.45;1.75;4.75;2.28
15:00;Levski;Dobrudzha;747;1.17;6.4;16.0;2.35;1.52;2.35;2.45;6.1;2.9
15:00;DVTK;Paks;797;3.55;4.05;1.83;2.85;1.37;1.95;1.37;3.3;1.57
15:00;Obolon;Zhytomir;748;5.25;3.6;1.52;1.62;2.1;3.9;2.15;6.0;2.85
15:00;Gomel;Slutsk;754;1.75;3.0;5.5;1.62;2.15;4.0;2.05;5.75;2.8
15:00;Marino de Luanco;Numancia;752;2.65;2.9;2.7;1.47;2.45;4.95;2.05;6.1;2.95
15:00;Atletico Onubense;RB Linense;;2.9;2.65;2.6;1.5;2.41;4.3;1.95;;
15:00;SD Portmany;CD Llosetense;;2.65;3.2;2.38;1.76;1.95;3.3;1.75;;
15:00;Calzada;CD San Marcial;;1.77;3.45;3.95;1.81;1.9;3.2;1.81;;
15:00;CD Utiel;UD Castellonense;;2.6;2.65;2.9;1.33;3.05;6.0;2.36;;
15:00;Jove Espanol;Atl. Levante;;2.95;3.15;2.21;1.68;2.05;3.55;1.82;;
15:00;CF Calamocha;CD La Almunia;;1.78;3.4;3.95;1.7;2.03;3.55;1.9;;
15:00;CD Ciudad Real;CD Marchamalo;;1.68;3.15;5.0;1.68;2.06;3.5;1.95;;
15:00;Illescas;CD Azuqueca;;2.43;2.9;2.85;1.51;2.38;4.4;2.0;;
15:00;Videoton;Szeged;766;2.68;3.05;2.45;1.7;1.97;3.55;1.75;4.85;2.35
15:00;Chojniczanka;Podhale Nowy Targ;770;2.42;3.25;2.7;1.9;1.8;3.1;1.63;4.5;2.13
15:00;Jelenia Gora;Slowianin Woliborz;;2.28;3.55;2.55;2.33;1.53;2.3;1.47;;
15:00;Ostrowiec;Chelmianka;;1.81;3.7;3.5;2.27;1.56;2.37;1.53;;
15:00;Echallens;Portalban;;2.5;3.3;2.35;2.12;1.6;2.52;;;
15:00;Ararat-Armenia;BKMA Yerevan;756;1.27;5.4;8.75;2.4;1.5;2.27;1.88;4.8;2.2
15:15;Carrarese;Venezia;785;3.25;3.2;2.33;1.72;2.13;3.95;1.9;5.1;2.55
15:30;Pogon Szczecin;Cracovia;793;2.32;3.3;3.1;1.9;1.92;3.3;1.73;4.65;2.23
15:30;Oster;Degerfors;796;2.5;3.35;2.75;1.92;1.88;3.25;1.7;4.55;2.18
15:30;Zaragoza B;SD Logrones;761;2.95;3.05;2.37;1.6;2.15;4.05;1.87;5.3;2.6
15:30;UCAM Murcia;CD Estepona;754;1.95;3.15;3.85;1.55;2.25;4.33;2.0;5.75;2.75
15:30;SS Reyes;CD Coria;755;2.32;3.0;3.1;1.48;2.45;4.9;2.05;6.0;2.95
15:30;CD Son Cladera;RCD Mallorca B;;4.2;3.4;1.73;1.96;1.75;2.8;1.7;;
15:30;Maribor;Primorje;765;1.32;5.25;7.75;2.6;1.45;2.15;1.72;4.4;2.03
15:30;CD Santa Cruz;San Marcos;761;2.72;3.2;2.45;1.6;2.15;4.05;1.87;5.3;2.57
15:30;Recoleta;Curico Unido;761;2.2;3.05;3.25;1.65;2.1;3.9;1.85;5.2;2.55
15:30;San Felipe;S. Morning;758;1.95;3.2;3.55;1.62;2.1;3.95;1.9;5.35;2.6
15:30;Arzignano;Lumezzane;756;2.07;3.1;3.3;1.57;2.2;4.15;1.92;5.5;2.68
15:30;Renate;Lecco;742;2.8;2.78;2.55;1.38;2.7;5.8;2.2;6.5;3.3
15:30;Campobasso;Rimini;746;1.8;3.15;4.15;1.5;2.37;4.65;2.15;6.2;3.0
15:30;Carpi;Gubbio;752;2.23;2.85;3.2;1.45;2.45;5.0;2.07;6.25;3.0
15:30;Siracusa;Casarano;767;2.78;3.2;2.28;1.75;1.95;3.5;1.72;4.8;2.3
16:00;Napoli;Inter;881;3.2;3.15;2.35;1.75;2.1;3.75;1.8;5.1;2.45
16:00;Zeleznicar;Cukaricki;791;2.23;3.3;3.1;2.0;1.75;2.9;1.57;4.33;2.03
16:00;Sion;Thun;796;2.37;3.35;2.95;2.03;1.83;3.05;1.67;4.4;2.12
16:00;St. Gallen;Grasshoppers;794;1.8;3.8;4.15;2.25;1.67;2.68;1.63;4.25;1.97
16:00;Bellinzona;Lausanne Ouchy;761;4.6;3.8;1.7;2.0;1.73;2.9;1.7;4.6;2.15
16:00;CSKA Moscow;Krylya Sovetov;782;1.4;4.75;8.5;1.95;1.88;3.2;2.18;5.9;2.72
16:00;Sarpsborg 08;KFUM Oslo;794;3.05;3.4;2.3;2.0;1.77;3.0;1.63;4.45;2.1
16:00;Liberec;Jablonec;785;2.37;3.2;3.15;1.7;2.13;3.9;1.85;5.2;2.52
16:00;Constantine;Ol. Akbou;743;1.88;3.1;4.25;1.45;2.55;5.25;2.25;6.75;3.25
16:00;Langreo;Atl. Astorga;751;1.83;3.2;4.35;1.55;2.27;4.35;2.07;5.9;2.85
16:00;Real Avila;UD Samano;747;1.4;4.0;8.0;1.65;2.1;3.9;2.47;6.8;3.25
16:00;Gernika;Ejea;756;2.25;2.95;3.25;1.53;2.32;4.5;1.97;5.7;2.8
16:00;Yeclano;Linares;746;1.93;3.05;4.1;1.45;2.55;5.25;2.23;6.7;3.2
16:00;CD Extremadura;Xerez;755;1.9;3.2;4.0;1.57;2.23;4.25;2.0;5.7;2.75
16:00;RSD Alcala;Tenerife B;757;2.57;2.95;2.75;1.55;2.28;4.4;1.93;5.6;2.72
16:00;UD Rotlet Molinar;Inter Ibiza CD;;2.7;3.2;2.33;1.73;2.0;3.45;1.78;;
16:00;CD Tenerife C;Tamaraceite;;2.4;3.1;2.7;1.68;2.05;3.55;1.8;;
16:00;Torpedo M.;Chayka;752;1.38;4.5;7.75;1.83;1.9;3.3;2.2;6.0;2.8
16:00;Varazdin;Slaven Belupo;786;2.2;3.15;3.35;1.7;2.03;3.65;1.8;5.0;2.45
16:00;Olympiakos Nic.;Apollon;759;4.95;3.55;1.7;1.72;2.03;3.65;1.97;5.45;2.6
16:00;Kosice;Podbrezova;773;1.93;3.85;3.45;2.33;1.55;2.37;1.48;3.8;1.8
16:00;Sakaryaspor;Keciorengucu;768;2.35;3.35;2.9;1.9;1.8;3.1;1.65;4.5;2.13
16:00;Ankaragucu;Sanliurfaspor;390;2.85;3.15;2.27;1.8;1.85;3.25;1.67;4.65;2.23
16:00;Bursaspor;Musspor;380;1.4;4.1;6.4;2.05;1.67;2.72;1.88;4.95;2.32
16:00;Denizli Idman Yurdu;Bornova;;1.43;3.75;5.6;1.73;1.91;3.25;;;
16:00;Orduspor;Zonguldak Komurspor;;2.32;3.0;2.6;;;;;;
16:00;Zielona Gora;Nysa;;1.45;4.5;5.2;2.65;1.42;2.05;1.55;;
16:00;Niedercorn;Racing Lux.;388;1.9;3.65;3.25;1.97;1.72;2.9;1.62;4.4;2.03
16:00;Ibri;Sur;388;2.85;3.0;2.37;1.6;2.15;4.05;1.87;5.3;2.6
16:00;Al Ansar Beirut;Al Kuwait;;2.65;2.95;2.42;1.67;2.0;3.65;1.77;;
16:00;Turkspor Dortmund;Ahlen;;1.77;4.5;3.1;4.8;1.15;1.4;1.18;;
16:00;Al Nasr Dubai;Bani Yas;759;1.6;3.85;4.9;1.97;1.73;2.9;1.75;4.75;2.2
16:00;Inter;Villarreal;;2.68;3.35;2.45;1.97;1.75;;;;
16:15;Mechelen;Leuven;795;2.17;3.45;3.35;1.95;1.88;3.25;1.73;4.65;2.23
16:15;Vikingur;Valur;774;1.65;4.4;4.2;3.05;1.32;1.85;1.37;3.25;1.55
16:15;Cardiff Metropolitan;Flint;770;2.07;3.45;2.95;2.15;1.6;2.57;1.52;4.0;1.88
16:15;H. Haifa;Beitar Jerusalem;767;3.9;3.7;1.77;2.1;1.65;2.68;1.6;4.3;1.97
16:15;SC Ashdod;H. Petach Tikva;767;3.0;3.2;2.25;1.85;1.85;3.2;1.67;4.6;2.2
16:30;Manchester Utd;Brighton;895;2.0;4.0;3.5;2.6;1.5;2.25;1.45;3.65;1.7
16:30;Dortmund;Koln;903;1.45;5.2;6.6;3.1;1.4;1.95;1.52;3.75;1.73
16:30;Ath Bilbao;Getafe;873;1.7;3.7;5.7;1.45;2.75;5.8;2.65;7.9;3.75
16:30;Burgos;Real Sociedad B;776;1.7;3.4;5.7;1.57;2.33;4.5;2.25;6.4;3.1
16:30;Granada CF;Cadiz CF;783;2.3;3.05;3.4;1.6;2.3;4.45;2.0;5.7;2.8
16:30;Tamworth;Boston Utd;762;1.75;3.55;4.55;1.9;1.8;3.1;1.75;4.75;2.23
16:30;Talavera;Osasuna B;756;2.12;3.0;3.3;1.6;2.17;4.1;1.9;5.4;2.65
16:30;Sabadell;Gimnastic;748;2.15;2.85;3.4;1.42;2.55;5.3;2.15;6.5;3.15
16:30;Sanluqueno;Torremolinos;753;1.95;3.1;3.7;1.55;2.25;4.35;2.0;5.75;2.8
16:30;Utebo;Amorebieta;756;1.88;3.25;4.0;1.63;2.12;3.95;1.93;5.45;2.6
16:30;H. Jerusalem;Sakhnin;763;2.2;3.15;3.15;1.7;2.03;3.7;1.8;5.0;2.45
16:30;Ironi Tiberias;M. Haifa;757;6.5;4.55;1.4;2.2;1.6;2.55;1.8;4.75;2.18
16:30;Larne;Bangor;752;1.38;4.5;7.1;1.95;1.75;2.95;2.0;5.35;2.5
16:30;Juventud;Plaza Colonia;748;2.0;3.05;4.05;1.45;2.55;5.3;2.23;6.7;3.25
16:30;Al Sadd;Al Arabi;778;1.57;4.85;4.4;3.45;1.27;1.7;1.32;2.95;1.48
16:30;Panserraikos;AEL Larissa;786;2.33;3.15;3.2;1.65;2.23;4.15;1.93;5.3;2.63
16:30;England;Brazil;770;1.6;3.85;4.4;2.25;1.55;2.4;1.63;4.15;1.92
16:30;Alverca U19;Mafra U19;;1.93;3.45;3.3;1.98;1.73;2.75;1.63;;
16:45;Sparta R.;Telstar;800;1.85;4.05;3.8;2.6;1.52;2.27;1.5;3.65;1.75
17:00;Monaco;Toulouse;901;1.88;4.1;3.85;2.45;1.57;2.37;1.5;3.85;1.8
17:00;Trabzonspor;Eyupspor;786;1.6;4.05;5.5;1.95;1.83;3.1;1.85;5.1;2.33
17:00;Santa Clara;AFS;777;1.5;3.95;7.5;1.63;2.32;4.45;2.52;6.8;3.35
17:00;BATE;Zhodino;751;6.2;2.95;1.7;1.62;2.13;4.0;2.07;5.8;2.85
17:00;Rouisset;Ben Aknoun;744;1.7;3.3;5.0;1.48;2.4;4.85;2.28;6.6;3.2
17:00;Eibar B;R. Union;750;2.57;2.9;2.8;1.47;2.45;5.0;2.07;6.2;3.0
17:00;Sant Andreu;Torrent;753;1.67;3.45;5.0;1.65;2.1;3.9;2.05;5.75;2.75
17:00;CF Vimenor;CD Colindres;;1.52;3.5;6.0;1.76;1.95;3.3;2.01;;
17:00;Atletico Albacete;Huracan Balazote;;1.78;3.5;3.85;2.0;1.72;2.75;1.66;;
17:00;Raja Casablanca;Dcheira;738;1.37;3.95;7.75;1.73;1.95;3.5;2.33;6.3;3.05
17:00;Netanya;H. Tel Aviv;772;3.0;3.7;2.05;2.25;1.55;2.45;1.48;3.85;1.82
17:00;Floriana;Birkirkara;385;2.0;3.1;3.75;1.5;2.4;4.7;2.07;6.1;2.95
17:00;Future FC;Arab Contractors;746;2.18;2.85;3.55;1.4;2.7;5.75;2.25;6.7;3.4
17:00;OFI Crete;Atromitos;786;2.18;3.25;3.4;1.75;2.1;3.8;1.85;5.0;2.47
17:00;Mouloudia Club of Oujda;Jeunesse Massira;;2.38;2.7;3.1;1.37;2.85;5.6;2.28;;
17:30;Catanzaro;Palermo;785;3.55;3.1;2.23;1.67;2.23;4.15;1.97;5.35;2.65
17:30;Nyiregyhaza;Kazincbarcikai;783;1.7;3.55;4.9;1.85;1.85;3.2;1.8;4.95;2.33
17:30;Pogon Siedlce;LKS Lodz;769;3.7;3.65;1.88;2.1;1.65;2.68;1.57;4.25;1.95
17:30;Polonia Warszawa;Polonia Bytom;770;2.25;3.5;2.85;2.1;1.65;2.68;1.53;4.1;1.93
17:30;Slask Wroclaw;Leczna;765;1.57;4.15;5.1;2.17;1.6;2.57;1.67;4.45;2.03
17:30;AD Marco 09;Trofense;386;3.4;2.95;2.2;1.47;2.45;4.95;2.1;6.25;3.0
17:30;Bulle;Kriens;772;4.7;4.35;1.5;2.85;1.35;1.9;1.43;3.5;1.65
18:00;FC Volendam;Heracles;798;2.12;3.8;3.2;2.35;1.63;2.52;1.55;3.85;1.87
18:00;Annecy;St Etienne;789;3.55;3.45;2.05;1.8;2.0;3.55;1.82;4.9;2.37
18:00;Rapid Vienna II;A. Lustenau;792;4.2;4.0;1.73;2.15;1.67;2.72;1.65;4.4;2.03
18:00;CFR Cluj;F. Constanta;790;1.82;3.6;4.15;1.92;1.88;3.2;1.77;4.75;2.23
18:00;Kabylie;Monastir;753;2.12;3.1;3.35;1.67;2.05;3.7;1.83;5.1;2.47
18:00;Ayacucho;Dep. Garcilaso;761;2.33;3.05;3.0;1.65;2.1;3.85;1.83;5.1;2.52
18:00;La Serena;A. Italiano;770;2.62;3.25;2.5;1.9;1.8;3.05;1.63;4.5;2.12
18:00;Al-Hazem;Al-Nassr Riyadh;783;11.0;6.3;1.19;3.4;1.27;1.7;1.7;3.9;1.92
18:00;Beveren;Patro Eisden;758;1.82;3.35;4.15;1.7;2.0;3.6;1.88;5.2;2.47
18:00;Eupen;Genk U23;766;1.6;4.1;4.65;2.2;1.6;2.52;1.62;4.33;1.97
18:00;Liege;RWDM 47;769;2.6;3.35;2.45;2.0;1.7;2.85;1.57;4.25;2.0
18:00;Hoogstraten;Tienen;;1.83;3.6;3.5;2.15;1.6;2.57;1.55;;
18:00;Lyra-Lierse;Zelzate;;2.2;3.45;2.72;2.2;1.57;2.5;1.48;;
18:00;Thes Sport;Knokke;;2.42;3.15;2.63;1.8;1.88;3.3;1.67;;
18:00;Tubize;Virton;;1.83;3.65;3.45;2.25;1.55;2.42;1.5;;
18:00;Union Rochefortoise;Stockay-Warfusee;;2.4;3.25;2.6;1.92;1.75;3.0;1.6;;
18:15;GKS Katowice;Korona Kielce;793;2.42;3.3;2.9;1.9;1.92;3.3;1.72;4.6;2.23
18:30;Hertha;Dusseldorf;799;1.9;4.0;3.6;2.33;1.6;2.52;1.55;3.9;1.85
18:30;Winterthur;Luzern;798;3.15;3.75;2.1;2.3;1.65;2.6;1.57;3.95;1.88
18:30;UD Logrones;Tudelano;759;1.67;3.55;4.75;1.75;1.95;3.5;1.92;5.3;2.5
18:30;Forli;Pineto Calcio;756;2.13;3.0;3.25;1.57;2.2;4.2;1.93;5.5;2.7
18:30;Uruguay Montevideo;Tacuarembo;756;3.05;3.2;2.23;1.55;2.3;4.4;1.95;5.6;2.72
18:45;Cremonese;Atalanta;890;5.5;4.1;1.6;1.92;1.87;3.2;1.88;5.2;2.37
18:45;Gent;Standard;791;1.9;3.6;4.05;1.93;1.88;3.25;1.77;4.75;2.25
18:45;Sligo Rovers;Cork City;762;1.6;3.9;5.2;1.95;1.8;3.05;1.83;4.85;2.28
18:45;Velez Mostar;Siroki Brijeg;757;1.75;3.25;4.3;1.7;2.0;3.6;1.9;5.25;2.5
18:45;Atalanta;Liverpool;;2.57;4.05;2.25;3.4;1.27;;;;
19:00;Brentford;Liverpool;905;4.1;4.05;1.85;2.5;1.55;2.37;1.5;3.9;1.8
19:00;Valencia;Villarreal;901;3.6;3.65;2.1;2.07;1.77;2.95;1.63;4.45;2.07
19:00;Zwolle;Nijmegen;800;3.2;3.8;2.12;2.5;1.53;2.33;1.48;3.65;1.75
19:00;Mirandes;Racing Santander;793;3.45;3.45;2.1;2.07;1.72;2.85;1.62;4.35;2.05
19:00;Real Madrid B;Real Aviles;758;1.88;3.25;3.75;1.67;2.0;3.65;1.85;5.1;2.45
19:00;Jaen;Almeria B;746;1.62;3.45;5.5;1.53;2.3;4.5;2.3;6.5;3.15
19:00;Rayo Majadahonda;Ilicitano;747;1.67;3.4;5.2;1.55;2.25;4.33;2.2;6.2;3.0
19:00;Mushuc Runa;Manta;753;1.45;4.15;6.3;1.97;1.73;2.9;1.92;5.1;2.37
19:00;Envigado;Chico;755;2.15;3.05;3.5;1.55;2.28;4.4;1.97;5.7;2.78
19:00;CA Cerro;Penarol;748;8.5;4.5;1.37;1.8;1.92;3.4;2.32;6.25;2.95
19:00;Atletico MG;Ceara;785;1.93;3.25;4.33;1.55;2.37;4.65;2.13;6.1;2.95
19:00;Vitoria BA;Corinthians;782;2.57;3.05;2.95;1.53;2.4;4.8;2.05;6.0;2.95
19:00;Athletic Club;America MG;763;2.7;3.1;2.68;1.63;2.2;4.15;1.9;5.4;2.65
19:00;Volta Redonda;Coritiba;757;3.25;2.95;2.35;1.5;2.55;5.1;2.12;6.4;3.1
19:00;AD Fafe;Guimaraes B;386;1.67;3.6;4.7;1.7;2.0;3.65;1.97;5.4;2.6
19:00;Academia Balompie;Vinto;388;1.83;3.5;3.6;1.95;1.75;2.9;1.63;4.5;2.07
19:05;Lens;Marseille;883;2.6;3.65;2.68;2.15;1.73;2.8;1.57;4.25;1.97
19:30;Benfica;Arouca;783;1.16;8.25;16.0;2.85;1.43;2.07;2.17;5.1;2.42
19:30;Estrela;Rio Ave;787;2.57;3.2;2.9;1.7;2.18;4.05;1.9;5.2;2.57
20:00;Dep. Tolima;Dep. Cali;757;1.85;3.4;4.1;1.65;2.1;3.9;1.95;5.45;2.6
20:00;Bogota;Leones;753;1.77;3.4;4.25;1.85;1.85;3.2;1.77;4.85;2.28
20:00;Ponte Preta;Londrina;748;1.85;3.15;4.33;1.5;2.35;4.65;2.13;6.2;2.95
20:15;Alianza Atl.;Cienciano;763;2.13;3.15;3.3;1.77;1.93;3.45;1.73;4.85;2.33
20:30;Huachipato;Iquique;766;1.92;3.5;3.5;1.97;1.73;2.9;1.62;4.4;2.05
20:30;Atl. Tembetary;Sp. Luqueno;762;3.4;3.25;2.05;1.75;1.95;3.45;1.75;4.9;2.35
20:30;Fluminense;Internacional;783;1.8;3.5;4.7;1.7;2.1;3.85;1.97;5.5;2.63
21:00;Charleston;Birmingham;764;1.35;5.2;6.6;2.7;1.4;2.03;1.6;4.0;1.85
21:00;Loudoun;North Carolina;765;1.85;3.6;3.7;2.03;1.7;2.78;1.6;4.35;2.0
21:00;Portland Hearts of Pine;AV Alta;388;1.82;3.75;3.45;2.4;1.47;2.23;1.45;3.65;1.72
21:00;Barranquilla;Tigres;748;2.2;3.0;3.3;1.55;2.25;4.33;1.95;5.6;2.72
21:00;Cucuta;Orsomarso;750;1.6;3.5;5.75;1.6;2.15;4.05;2.2;6.2;2.95
21:00;Deportivo Mixco;Mictlan;748;1.43;3.8;6.7;1.65;2.07;3.8;2.3;6.3;3.05
21:10;Bucaramanga;Llaneros;748;1.47;4.0;6.9;1.65;2.1;3.9;2.3;6.4;3.05
21:30;Barcelona SC;Libertad;758;1.57;3.9;5.2;1.93;1.77;3.0;1.82;4.9;2.28
21:30;Monagas;La Guaira;759;3.25;3.2;2.15;1.62;2.15;4.0;1.88;5.3;2.6
21:30;Cerro Largo;Racing Mon.;754;2.72;3.0;2.72;1.52;2.37;4.7;2.0;5.8;2.85
21:30;Sport Recife;Mirassol;797;2.75;3.25;2.57;1.8;1.95;3.5;1.75;4.85;2.33
21:30;Paysandu;Avai;761;2.45;3.1;3.0;1.67;2.15;3.95;1.87;5.25;2.57
21:30;Guabira;Blooming;389;2.4;3.45;2.5;2.07;1.65;2.68;1.52;4.05;1.92
22:00;Richmond Kickers;Forward Madison;386;2.9;3.25;2.18;1.95;1.72;2.9;1.57;4.3;2.03
22:00;Philadelphia Union 2;Huntsville;391;2.05;3.5;2.95;2.18;1.57;2.52;1.5;3.95;1.85
22:30;Fortaleza;Flamengo RJ;784;4.75;3.85;1.7;1.72;2.07;3.75;2.03;5.6;2.65
23:00;Pittsburgh;Phoenix Rising;758;1.82;3.45;4.0;1.75;1.95;3.5;1.83;5.1;2.4
23:00;Chattanooga;Westchester SC;388;1.82;3.4;3.75;1.95;1.73;2.9;1.65;4.5;2.1
23:00;FC Naples;Charlotte Ind.;389;2.2;3.25;2.9;1.9;1.75;3.0;1.6;4.4;2.07
23:00;One Knoxville;Greenville;389;1.97;3.25;3.4;1.77;1.9;3.35;1.73;4.8;2.3
23:00;Tormenta;Texoma;387;1.38;4.5;6.0;2.5;1.45;2.15;1.6;4.1;1.9
23:00;Union Omaha;Spokane Velocity;386;1.62;3.55;4.8;1.85;1.82;3.15;1.83;5.0;2.35
23:00;Cusco;Grau;756;1.5;3.4;5.9;1.9;1.8;3.1;1.93;5.2;2.45
23:00;Tigres;Club Tijuana;796;1.5;4.55;5.5;2.5;1.53;2.3;1.63;4.05;1.9
23:00;O'Higgins;Coquimbo;760;3.1;2.95;2.35;1.6;2.17;4.1;1.88;5.35;2.63
23:00;Sportivo Trinidense;2 de Mayo;761;2.2;3.15;3.2;1.65;2.1;3.9;1.85;5.2;2.55
23:00;Miguelito;Arabe Unido;748;2.6;2.85;2.68;1.47;2.45;4.95;2.05;6.1;2.95
23:00;Municipal;Malacateco;751;1.16;6.1;12.0;2.2;1.57;2.47;2.3;5.9;2.72
23:20;Union Santa Fe;Millonarios;761;2.52;3.05;2.8;1.6;2.17;4.05;1.87;5.3;2.6
23:30;Louisville City;Hartford Athletic;765;1.53;4.33;4.85;2.25;1.55;2.45;1.62;4.25;1.95
23:30;Tampa Bay;Detroit City;767;2.33;3.2;2.85;1.82;1.87;3.25;1.67;4.65;2.23
23:30;Puerto Cabello;Zamora;755;1.83;3.25;4.2;1.57;2.2;4.2;2.03;5.75;2.75
23:30;Criciuma;Goias;756;1.97;3.15;4.05;1.55;2.37;4.65;2.1;6.1;2.95
01:00;FC Tulsa;Colorado Springs;764;2.12;3.25;3.25;1.82;1.87;3.25;1.7;4.7;2.25
01:00;Leon;UNAM Pumas;796;2.57;3.35;2.62;1.93;1.87;3.2;1.67;4.5;2.15
01:00;Dep. Cuenca;Aucas;757;2.15;3.05;3.35;1.6;2.2;4.15;1.92;5.45;2.68
01:00;San Jose FC;Liberia;765;2.32;3.15;3.05;1.72;2.0;3.6;1.77;4.9;2.4
01:00;Cancun;Correcaminos;387;1.4;4.35;6.0;2.35;1.5;2.3;1.67;4.33;2.0
01:00;Mineros Z.;Atlante;390;2.6;2.95;2.6;1.75;1.93;3.45;1.7;4.8;2.3
01:00;FAS;Alianza;761;2.45;3.0;2.72;1.6;2.15;4.05;1.87;5.3;2.6
01:30;San Antonio;EL Paso;766;2.12;3.25;3.2;1.85;1.85;3.2;1.67;4.65;2.2
01:30;Sao Paulo;Bahia;779;1.95;3.3;4.2;1.6;2.3;4.45;2.07;5.9;2.85
01:30;Metapan;Cacahuatique;754;1.82;3.15;4.15;1.57;2.2;4.15;2.03;5.75;2.75
02:00;Wellington Phoenix;Brisbane Roar;802;2.85;3.4;2.37;1.95;1.83;3.1;1.67;4.45;2.12
02:00;Oakland Roots;Lexington;766;2.68;3.1;2.52;1.75;1.95;3.5;1.72;4.8;2.32
02:00;CS Herediano;Cartagines;761;1.97;3.35;3.65;1.73;2.0;3.55;1.8;5.0;2.42
02:00;Birkenhead Utd;Wellington Olympic;392;2.28;3.7;2.5;2.7;1.4;2.0;1.35;3.3;1.6
02:00;Broadmeadow;South Melbourne;770;4.5;4.45;1.55;2.6;1.42;2.1;1.47;3.7;1.72
02:00;Heidelberg Utd;South Hobart;738;1.07;9.5;20.0;4.15;1.18;1.52;2.03;4.35;2.2
02:00;Moreton City Excelsior;Sydney Olympic;777;2.42;3.85;2.4;2.9;1.35;1.92;1.32;3.15;1.53
02:15;Plaza Amador;Alianza;760;1.65;3.55;4.45;1.95;1.73;2.9;1.7;4.65;2.15
02:30;Once Caldas;U. Magdalena;753;1.43;4.25;7.1;1.9;1.8;3.1;2.05;5.5;2.57
03:00;Monterey Bay;Las Vegas L.;764;1.75;3.6;4.15;2.0;1.72;2.85;1.67;4.5;2.1
03:00;Orange County SC;Indy Eleven;772;1.95;3.65;3.3;2.15;1.6;2.57;1.53;4.05;1.9
03:00;Sacramento Rep.;Miami FC;758;1.55;3.95;5.3;1.83;1.85;3.25;1.92;5.2;2.45
03:00;Dorados;Tlaxcala;390;2.2;3.45;2.75;2.15;1.6;2.57;1.5;4.0;1.87
03:00;Marquense;Comunicaciones;756;2.1;3.1;3.25;1.55;2.25;4.3;1.95;5.6;2.7
03:05;Cruz Azul;CF Monterrey;798;2.0;3.6;3.4;2.3;1.6;2.52;1.53;3.9;1.85
03:07;Guadalajara;Atlas;787;1.55;4.1;5.45;2.03;1.77;3.0;1.85;4.85;2.28
04:00;Sapporo;Mito;768;2.85;3.25;2.32;1.87;1.82;3.15;1.65;4.55;2.15
04:00;Yamagata;Omiya Ardija;770;2.52;3.5;2.45;2.15;1.6;2.57;1.5;4.0;1.88
04:00;Atletico Suzuka Club;Tiamo Hirakata;390;2.7;3.3;2.42;1.7;2.0;3.6;1.75;4.9;2.37
04:00;Grulla Morioka;Verspah Oita;390;3.1;3.65;2.03;2.07;1.65;2.72;1.55;4.15;1.95
04:00;Maruyasu Okazaki;Honda FC;387;4.2;3.65;1.73;1.77;1.92;3.4;1.83;5.1;2.37
04:05;Tokushima;Iwaki;763;2.62;3.0;2.65;1.6;2.2;4.15;1.88;5.35;2.63
05:00;Seoul;Gangwon;787;2.07;3.25;3.7;1.7;2.13;3.95;1.93;5.2;2.57
05:00;Ulsan HD;Daegu;796;1.77;4.05;4.1;2.35;1.6;2.47;1.57;3.95;1.87
05:00;Niigata;Vissel Kobe;786;4.75;3.8;1.67;1.85;1.95;3.45;1.93;5.1;2.45
05:00;Blaublitz;Chiba;765;3.1;3.2;2.2;1.75;1.95;3.45;1.73;4.85;2.32
05:00;Kumamoto;Oita;758;2.4;2.95;3.0;1.55;2.27;4.35;1.95;5.6;2.72
05:00;Sendai;Sagan Tosu;763;2.1;3.2;3.3;1.7;2.0;3.6;1.77;4.95;2.42
05:00;Yamaguchi;Toyama;758;1.9;3.25;3.95;1.62;2.13;3.95;1.93;5.45;2.6
05:00;SKA Khabarovsk;Fakel;753;3.35;2.9;2.3;1.47;2.55;5.25;2.15;6.4;3.15
05:00;Incheon;Gyeongnam;754;1.43;4.45;6.9;1.95;1.75;2.95;1.97;5.3;2.47
05:00;Fukushima Utd;Kanazawa;763;3.7;3.35;1.85;1.92;1.75;2.95;1.65;4.55;2.12
05:00;Kochi United;Sagamihara;767;2.17;3.2;3.0;1.85;1.8;3.15;1.65;4.55;2.15
05:00;Yamaga;Kamatamare;767;2.18;3.15;3.0;1.8;1.85;3.25;1.67;4.65;2.23
05:00;Gainare Tottori;Miyazaki;767;2.6;3.5;2.28;1.85;1.82;3.15;1.65;4.55;2.13
05:30;Bayswater;APIA Tigers;764;5.7;4.3;1.47;2.33;1.52;2.35;1.65;4.3;1.97
05:30;NWS Spirit;Canberra Croatia;764;1.32;5.4;6.9;2.95;1.35;1.88;1.55;3.85;1.77
05:40;Fukuoka;Shonan;781;1.82;3.35;4.45;1.6;2.3;4.35;2.12;5.8;2.8
06:00;Irkutsk;Vladimir;;2.06;3.05;3.15;1.88;1.76;2.75;1.61;;
07:00;Ehime;Iwata;765;4.0;3.7;1.75;2.03;1.7;2.8;1.65;4.45;2.05
07:30;Daejeon;Pohang;796;2.5;3.4;2.75;2.0;1.83;3.1;1.67;4.4;2.1
07:30;Shandong Taishan;Shanghai Port;782;2.42;4.1;2.32;3.75;1.22;1.6;1.22;2.6;1.37
07:30;Seoul E.;Asan;762;1.97;3.3;3.75;1.73;2.0;3.55;1.8;5.0;2.42
08:30;Arema FC;Borneo;768;2.8;3.35;2.3;1.95;1.75;2.95;1.6;4.35;2.05
09:30;Amstetten;Floridsdorfer AC;790;2.28;3.35;3.0;1.85;1.9;3.3;1.7;4.7;2.23
09:30;Sparta Prague B;Zizkov;769;3.1;3.3;2.15;2.1;1.65;2.68;1.55;4.1;1.95
09:30;Bihor Oradea;Afumati;760;1.5;4.15;5.6;2.1;1.65;2.68;1.75;4.7;2.15
09:30;Zilina B;Zvolen;769;2.6;3.4;2.42;2.07;1.65;2.72;1.53;4.1;1.95
10:00;Akron Togliatti;Lokomotiv M.;799;3.95;4.2;1.83;2.45;1.55;2.37;1.5;3.9;1.8
10:00;Isloch;Dynamo Brest;764;2.75;2.72;2.78;1.65;2.1;3.9;1.83;5.1;2.55
10:00;Real Madrid C;CF Intercity;759;3.0;3.0;2.37;1.55;2.25;4.33;1.93;5.5;2.7
10:00;Aktobe;Ordabasy;753;1.5;3.6;6.7;1.85;1.85;3.2;2.05;5.5;2.63
10:00;K. Almaty;Astana;753;2.6;2.85;2.85;1.62;2.15;4.0;1.85;5.25;2.6
10:00;Okzhetpes;Turan;774;2.17;3.3;3.1;2.4;1.5;2.3;1.45;3.65;1.75
10:00;Ulytau;Tobol;760;4.85;3.15;1.77;1.75;1.95;3.5;1.88;5.2;2.47
10:00;Yelimay Semey;Atyrau;759;1.63;3.4;5.4;2.03;1.7;2.8;1.75;4.75;2.23
10:00;Zhenis;Kaisar;757;2.05;3.05;3.65;1.6;2.2;4.1;1.95;5.5;2.7
10:00;Zhetysu;Kyzylzhar;767;2.35;3.2;2.85;1.75;1.95;3.5;1.73;4.85;2.32
10:00;Petrzalka;Z. Moravce;772;3.2;3.75;1.97;2.17;1.6;2.57;1.53;4.05;1.9
10:30;Qingdao West Coast;Chengdu Ron.;765;6.0;4.6;1.42;2.4;1.5;2.27;1.65;4.25;1.95
10:30;Basconia;Naxara;763;1.95;3.4;3.55;1.85;1.85;3.2;1.7;4.7;2.23
10:30;Antoniano;Melilla;750;2.37;2.85;3.15;1.43;2.55;5.3;2.13;6.4;3.15
10:30;La Union;Huelva;747;2.65;2.85;2.78;1.45;2.55;5.2;2.1;6.3;3.1
10:30;Navalcarnero;Las Palmas B;755;2.07;3.1;3.45;1.55;2.27;4.35;1.97;5.7;2.78
10:30;Bandirmaspor;Erokspor;767;2.23;3.3;3.15;1.85;1.85;3.2;1.67;4.6;2.2
11:00;Poltava;Kolos Kovalivka;748;6.8;4.25;1.35;1.73;1.95;3.5;2.25;6.1;2.9
11:00;Metta/LU;Auda;768;3.95;3.8;1.67;2.23;1.55;2.47;1.55;4.05;1.88
11:00;Arenteiro;Pontevedra;753;2.28;2.85;3.1;1.47;2.45;4.95;2.07;6.2;3.0
11:00;Eldense;Murcia;750;2.23;2.85;3.2;1.45;2.5;5.1;2.1;6.3;3.05
11:00;Ibiza;Teruel;748;1.65;3.3;5.1;1.57;2.18;4.15;2.13;6.0;2.9
11:00;Marbella;Cartagena;763;2.47;3.0;2.7;1.63;2.1;3.9;1.83;5.2;2.52
11:00;Villarreal B;Antequera;760;2.33;2.9;3.0;1.6;2.15;4.0;1.87;5.25;2.6
11:00;Salamanca;Gimnastica;751;2.25;2.9;3.35;1.47;2.5;5.0;2.1;6.25;3.05
11:00;Valladolid B;Sarriana;761;1.8;3.6;3.9;1.85;1.83;3.15;1.72;4.75;2.2
11:00;Andratx;SD Ibiza;752;2.37;2.9;3.1;1.47;2.5;5.1;2.1;6.25;3.05
11:00;Baleares;Espanyol B;754;1.73;3.25;4.9;1.6;2.15;4.05;2.05;5.8;2.78
11:00;Barbastro;Atletic Lleida;754;2.12;3.05;3.5;1.5;2.4;4.75;2.07;6.0;2.95
11:00;Barcelona B;Poblense;756;1.72;3.4;4.75;1.7;2.03;3.65;1.95;5.35;2.57
11:00;Olot;Girona B;754;2.12;3.0;3.5;1.5;2.4;4.85;2.07;6.1;3.0
11:00;Valencia B;Porreres;756;1.83;3.25;4.25;1.65;2.1;3.9;1.97;5.5;2.63
11:00;Colonia M.;Getafe B;764;2.68;3.15;2.52;1.63;2.12;3.95;1.85;5.2;2.55
11:00;Fuenlabrada;Socuellamos;755;2.15;3.0;3.45;1.55;2.3;4.45;2.0;5.75;2.8
11:00;Buriram;Rayong;759;1.2;6.7;11.0;2.75;1.4;2.0;1.9;4.65;2.15
11:00;Tychy;Chrobry Glogow;769;2.55;3.6;2.45;2.03;1.7;2.8;1.57;4.2;2.0
11:00;Farense;Penafiel;759;1.6;3.85;5.35;1.77;1.95;3.5;2.0;5.45;2.57
11:15;Twente;Ajax;798;2.23;3.65;3.1;2.3;1.65;2.62;1.57;4.0;1.9
11:30;Torino;Genoa;884;2.3;2.9;3.6;1.45;2.7;5.6;2.2;6.75;3.3
11:30;Antalyaspor;Basaksehir;790;3.1;3.3;2.33;1.82;2.0;3.5;1.73;4.9;2.32
11:30;Bangkok Utd;Lampun Warrior;762;1.6;4.05;4.95;2.07;1.67;2.72;1.7;4.55;2.1
11:30;Sukhothai;Pathum United;770;3.45;3.6;2.0;2.05;1.7;2.78;1.6;4.3;2.03
11:30;Trapani;Audace Cerignola;757;2.2;3.05;3.05;1.57;2.2;4.2;1.9;5.45;2.65
11:35;Beijing Guoan;Qingdao Hainiu;775;1.45;5.0;5.1;3.4;1.27;1.72;1.37;3.05;1.53
11:35;Shanghai Shenhua;Dalian Yingbo;758;1.18;6.5;11.0;2.85;1.37;1.93;1.88;4.65;2.15
11:45;Kisvarda;Gyor;791;3.65;3.6;1.92;2.05;1.7;2.78;1.6;4.3;2.0
12:00;Hearts;Celtic;796;3.15;3.45;2.23;2.05;1.77;2.95;1.63;4.3;2.05
12:00;Metaloglobus;Univ. Craiova;787;5.8;4.33;1.5;2.05;1.75;2.9;1.88;4.85;2.27
12:00;Sigma Olomouc;Slavia Prague;787;5.0;3.6;1.73;1.9;1.88;3.3;1.82;5.0;2.35
12:00;Molodechno;Arsenal Dzyarzhynsk;753;5.5;2.95;1.77;1.65;2.1;3.9;2.0;5.6;2.72
12:00;Malut United;Semen Padang;761;1.7;3.7;4.35;1.95;1.75;2.95;1.72;4.65;2.17
12:00;Uthai Thani;Ratchaburi;768;2.85;3.4;2.33;1.87;1.83;3.15;1.65;4.55;2.17
12:00;Riteriai;Banga;767;2.62;3.25;2.4;1.8;1.85;3.25;1.67;4.65;2.2
12:00;Bvsc-Zuglo;Vasas;760;4.4;3.55;1.67;1.85;1.83;3.2;1.8;4.9;2.3
12:00;Szentlorinc;Bekescsaba;761;2.03;3.2;3.35;1.75;1.95;3.45;1.75;4.9;2.35
12:00;Croatia Zmijavci;Dubrava;753;2.1;2.9;3.25;1.52;2.27;4.4;1.97;5.7;2.78
12:00;Trelleborgs;Falkenberg;772;2.45;3.5;2.72;2.12;1.7;2.78;1.57;4.2;1.97
12:00;Kleczew;S. Wola;772;3.05;3.6;2.07;2.28;1.55;2.42;1.48;3.8;1.82
12:00;FC Arlanda;Vasalund;390;3.95;4.0;1.7;2.45;1.48;2.23;1.48;3.75;1.75
12:00;Gefle;Hammarby TFF;387;4.35;3.7;1.7;2.0;1.7;2.85;1.67;4.55;2.1
12:15;Nizhny Novgorod;Baltika;782;4.15;3.35;2.0;1.6;2.37;4.55;2.07;6.0;2.85
12:30;Braunschweig;Hannover;798;3.8;3.85;1.9;2.27;1.63;2.57;1.57;4.05;1.88
12:30;Kaiserslautern;Nurnberg;798;2.12;3.7;3.25;2.3;1.63;2.55;1.55;3.85;1.87
12:30;Magdeburg;Preussen Munster;800;1.88;4.1;3.65;2.55;1.52;2.28;1.48;3.65;1.73
12:30;Hoffenheim II;Aue;798;1.87;3.95;3.65;2.55;1.47;2.18;1.43;3.6;1.7
12:30;Antwerp;Club Brugge;795;4.75;4.15;1.67;2.4;1.57;2.45;1.62;4.05;1.92
12:55;Dibba Al Fujairah;Al Wasl;760;5.25;4.7;1.45;2.1;1.65;2.65;1.73;4.65;2.1
13:00;Mallorca;Levante;875;2.17;3.35;3.65;1.75;2.13;3.9;1.88;5.25;2.55
13:00;Fredericia;Midtjylland;795;6.5;5.25;1.4;2.95;1.42;2.03;1.6;3.85;1.8
13:00;Vejle;Silkeborg;797;2.9;3.4;2.4;2.1;1.77;2.9;1.63;4.25;2.05
13:00;Malaga;FC Andorra;786;2.25;3.25;3.25;1.75;2.05;3.65;1.8;5.0;2.45
13:00;Zurich;Young Boys;801;2.62;3.65;2.5;2.5;1.55;2.37;1.48;3.65;1.77
13:00;Vaduz;Etoile-Carouge;768;1.67;4.0;4.55;2.25;1.57;2.47;1.6;4.15;1.93
13:00;Mjallby;Norrkoping;795;1.65;4.2;4.7;2.2;1.67;2.7;1.7;4.4;2.05
13:00;Sirius;Elfsborg;799;2.12;3.75;3.1;2.5;1.53;2.33;1.48;3.65;1.75
13:00;Rodina Moscow;Rotor;745;2.07;2.95;3.95;1.38;2.85;6.1;2.37;7.0;3.6
13:00;Amedspor;Istanbulspor AS;762;1.5;4.25;5.9;2.2;1.6;2.57;1.73;4.6;2.12
13:00;Corum;Boluspor;762;1.65;3.85;4.95;2.05;1.7;2.78;1.7;4.6;2.13
13:00;Albion;Central Esp.;748;2.37;2.72;3.3;1.42;2.6;5.45;2.17;6.5;3.25
13:00;Fenix;Atenas;755;3.2;2.95;2.27;1.52;2.35;4.6;2.0;5.8;2.85
13:30;Feyenoord;PSV;802;2.42;4.0;2.57;2.95;1.42;2.03;1.38;3.25;1.6
13:30;Ried;Rapid Vienna;792;3.05;3.3;2.35;1.87;1.93;3.35;1.73;4.65;2.25
13:30;Sturm;Wolfsberger AC;791;1.9;3.65;3.85;1.95;1.85;3.15;1.73;4.65;2.18
13:30;Rosenborg;Brann;796;2.65;3.7;2.42;2.35;1.57;2.45;1.48;3.8;1.82
13:30;Shakhtar D.;Kudrivka;749;1.13;6.0;13.0;2.75;1.37;1.97;2.17;5.25;2.47
13:30;Willem II;Maastricht;793;1.55;4.4;4.9;2.55;1.48;2.23;1.55;3.85;1.8
13:30;Wisla;S. Rzeszow;769;1.23;6.3;9.5;3.4;1.27;1.72;1.6;3.65;1.77
13:30;Pro Vercelli;Pergolettese;753;2.15;2.9;3.3;1.5;2.37;4.7;2.03;5.9;2.9
13:30;Trento;Vicenza;753;5.0;3.35;1.63;1.65;2.05;3.8;2.03;5.6;2.72
13:30;Ascoli;Sambenedettese;747;1.4;3.9;7.4;1.72;1.95;3.5;2.3;6.2;3.0
13:30;Bra;Pesaro;753;3.2;2.9;2.2;1.5;2.37;4.7;2.0;5.9;2.85
13:30;Catania;Benevento;755;2.62;2.9;2.6;1.53;2.28;4.4;1.93;5.6;2.72
13:30;Cosenza;Potenza;759;1.72;3.3;4.45;1.75;1.95;3.45;1.87;5.1;2.42
13:45;Rakow;Lechia Gdansk;786;1.67;3.9;4.9;1.83;2.0;3.5;1.95;5.2;2.47
14:00;Arsenal;Crystal Palace;892;1.43;4.8;8.25;2.07;1.77;2.95;2.03;5.4;2.5
14:00;Aston Villa;Manchester City;902;4.25;3.85;1.83;2.07;1.77;2.95;1.67;4.6;2.1
14:00;Bournemouth;Nottingham;898;1.82;3.9;4.5;1.92;1.92;3.3;1.8;4.95;2.3
14:00;Wolves;Burnley;900;2.0;3.4;4.25;1.63;2.32;4.4;2.05;5.9;2.78
14:00;Lille;Metz;872;1.33;5.45;9.0;2.35;1.63;2.52;1.95;5.1;2.33
14:00;Sassuolo;Roma;889;4.3;3.55;1.87;1.72;2.1;3.85;1.92;5.4;2.55
14:00;Verona;Cagliari;873;2.25;3.2;3.4;1.57;2.37;4.6;2.0;5.8;2.8
14:00;Padova;Juve Stabia;780;2.65;2.95;3.0;1.53;2.55;5.1;2.13;6.0;3.05
14:00;Galatasaray;Goztepe;788;1.42;4.85;7.2;2.35;1.6;2.47;1.77;4.7;2.15
14:00;Genclerbirligi;Konyaspor;790;3.15;3.4;2.25;1.85;1.95;3.45;1.73;4.85;2.28
14:00;Debreceni;Ujpest;793;2.55;3.5;2.55;2.12;1.65;2.65;1.53;4.1;1.92
14:00;Stjarnan;Breidablik;782;2.52;4.1;2.32;3.45;1.27;1.7;1.25;2.72;1.42
14:00;RFS;Grobina;758;1.17;6.2;11.0;3.2;1.28;1.75;1.73;4.05;1.95
14:00;Kahraba Ismailia;C. Cleopatra;755;4.95;3.3;1.72;1.65;2.07;3.85;2.0;5.6;2.68
14:00;Dziugas;Panevezys;767;2.95;3.15;2.2;1.82;1.85;3.2;1.67;4.6;2.2
14:00;Orebro;Landskrona;771;2.0;3.65;3.55;2.15;1.67;2.72;1.6;4.25;2.0
14:00;Sandecja Nowy S.;Warta Poznan;769;2.45;3.35;2.62;2.03;1.7;2.78;1.55;4.2;1.97
14:00;Maldonado;La Luz;755;2.03;3.1;3.7;1.53;2.32;4.5;2.03;5.9;2.85
14:00;Bournemouth;Stuttgart;;2.55;4.0;2.3;3.15;1.3;;;;
14:00;Leverkusen;Manchester City;;2.4;3.9;2.47;2.9;1.35;;;;
14:30;Leverkusen;Freiburg;908;1.87;3.9;4.1;2.1;1.77;2.95;1.67;4.55;2.07
14:30;Aberdeen;Hibernian;795;2.62;3.45;2.6;1.88;1.93;3.35;1.72;4.65;2.23
14:30;Zenit;Dynamo Moscow;793;1.55;4.7;5.6;2.3;1.65;2.6;1.7;4.5;2.05
14:30;Sparta Prague;Bohemians 1905;782;1.35;5.25;8.5;2.32;1.6;2.5;1.92;5.0;2.3
14:30;Ruzomberok;Trnava;762;3.8;3.4;1.95;1.75;1.97;3.55;1.8;5.0;2.37
14:30;Al-Shahaniya;Al Sailiya;770;2.4;3.6;2.65;2.1;1.65;2.68;1.53;4.1;1.92
14:30;Qatar SC;Umm-Salal;776;1.85;4.25;3.4;3.05;1.32;1.85;1.32;3.15;1.5
14:45;Rayo Cantabria;Bergantinos;760;2.32;3.05;3.05;1.6;2.15;4.05;1.88;5.3;2.6
15:00;Rangers;Kilmarnock;787;1.35;5.4;7.8;2.45;1.53;2.33;1.8;4.5;2.1
15:00;Cercle Brugge;Waregem;798;1.8;3.9;4.1;2.3;1.63;2.57;1.6;4.05;1.92
15:00;Randers;Sonderjyske;798;2.0;3.85;3.35;2.23;1.67;2.68;1.6;4.1;1.95
15:00;HJK;Inter Turku;796;2.78;3.7;2.33;2.4;1.55;2.4;1.48;3.75;1.8
15:00;Unionistas;Lugo;752;2.55;2.85;2.75;1.5;2.37;4.7;2.0;5.8;2.85
15:00;Burgos CF B;Lealtad;758;2.18;3.05;3.35;1.57;2.2;4.2;1.92;5.5;2.7
15:00;Derry City;Shamrock;758;2.63;3.05;2.78;1.55;2.35;4.55;2.0;5.6;2.75
15:00;Rijeka;Osijek;785;1.8;3.5;4.35;1.8;1.9;3.35;1.8;4.95;2.35
15:00;Chloraka;Omonia Aradippou;764;2.55;3.1;2.78;1.65;2.13;3.95;1.85;5.25;2.55
15:00;Levadiakos;Aris;786;2.65;3.25;2.7;1.65;2.23;4.15;1.92;5.25;2.6
15:00;Anderlecht U23;Lokeren-Temse;770;2.42;3.55;2.55;2.23;1.57;2.47;1.48;3.85;1.82
15:00;Lommel SK;Beerschot;769;2.75;3.3;2.35;2.0;1.72;2.85;1.57;4.25;2.03
15:00;1. Dezembro;OS Belenenses;388;3.75;3.25;1.95;1.6;2.15;4.05;1.93;5.45;2.65
15:00;Amarante;Paredes;387;2.95;2.9;2.47;1.5;2.37;4.7;2.0;5.8;2.85
15:00;Amora;Academica;388;3.65;3.2;2.0;1.6;2.2;4.15;1.95;5.5;2.7
15:00;Atletico CP;Covilha;384;1.6;3.7;5.3;1.65;2.07;3.8;2.1;5.75;2.75
15:00;Caldas;Lusitano;390;2.23;3.05;3.2;1.6;2.17;4.05;1.88;5.35;2.62
15:00;Sanjoanense;Varzim;390;2.55;3.05;2.7;1.65;2.07;3.85;1.82;5.1;2.5
15:00;UD Santarem;Mafra;389;2.78;2.9;2.6;1.53;2.33;4.55;1.97;5.7;2.8
15:00;Haninge;Team TG FF;387;1.3;5.8;6.6;3.3;1.28;1.75;1.47;3.35;1.65
15:00;Angelholm;Eskilsminne;390;2.27;3.45;2.8;2.15;1.6;2.6;1.52;4.0;1.88
15:00;Norrby;IFK Skovde FK;384;1.17;7.2;11.0;3.4;1.27;1.7;1.67;3.85;1.85
15:15;Real Madrid;Barcelona;909;1.95;4.15;3.5;3.65;1.3;1.75;1.28;2.85;1.45
15:15;CSKA Sofia;Beroe;747;1.23;5.3;13.0;2.05;1.67;2.75;2.5;6.4;3.05
15:15;Real Madrid;Juventus;;1.72;4.05;4.05;2.6;1.43;;;;
15:30;Viktoria Koln;Hansa Rostock;793;2.65;3.4;2.55;1.97;1.75;2.9;1.6;4.33;2.05
15:30;Estoril;Nacional;786;2.23;3.2;3.45;1.77;2.1;3.75;1.85;5.0;2.47
15:30;Famalicao;Guimaraes;786;1.95;3.3;4.25;1.67;2.25;4.2;2.03;5.6;2.7
15:30;Lausanne;Basel;802;3.3;4.1;1.95;2.85;1.43;2.07;1.42;3.35;1.62
15:30;Servette;Lugano;798;2.5;3.65;2.62;2.3;1.65;2.6;1.55;3.9;1.87
15:30;AIK;Hacken;792;2.15;3.45;3.25;1.9;1.92;3.35;1.73;4.65;2.25
15:30;Halmstad;Goteborg;792;3.7;3.5;1.97;1.97;1.83;3.15;1.72;4.55;2.15
15:30;U.Catolica;U. De Chile;763;2.12;3.2;3.3;1.77;1.9;3.4;1.73;4.8;2.32
15:30;Panathinaikos;Asteras;780;1.22;6.2;13.0;2.3;1.63;2.55;2.37;5.75;2.75
15:30;Vlasim;Brno;764;4.3;3.55;1.75;2.0;1.72;2.85;1.67;4.5;2.1
15:30;Magallanes;Antofagasta;763;2.2;3.15;3.15;1.75;1.95;3.5;1.75;4.85;2.35
15:45;AZ Alkmaar;Utrecht;795;1.65;4.3;4.8;2.35;1.63;2.55;1.65;4.2;1.97
16:00;Radnicki N.;Crvena zvezda;789;9.25;6.1;1.2;3.2;1.28;1.8;1.65;3.85;1.85
16:00;Austria Vienna;Salzburg;796;3.05;3.7;2.17;2.15;1.7;2.78;1.6;4.15;1.97
16:00;Bodo/Glimt;Molde;795;1.32;5.9;7.7;3.5;1.3;1.75;1.5;3.45;1.7
16:00;Haugesund;Tromso;783;9.0;5.7;1.3;2.45;1.52;2.32;1.88;4.8;2.23
16:00;Kristiansund;Ham-Kam;794;2.23;3.5;3.1;2.1;1.7;2.8;1.6;4.25;2.0
16:00;Sandefjord;Fredrikstad;796;1.93;3.8;3.6;2.23;1.65;2.6;1.57;4.15;1.92
16:00;Dyn. Kyiv;Kryvbas;766;1.43;4.6;5.8;2.5;1.47;2.2;1.6;4.1;1.88
16:00;Alfaro;Alaves B;751;3.15;2.9;2.33;1.45;2.5;5.2;2.1;6.3;3.05
16:00;Alcoyano;Reus FCR;757;1.83;3.25;4.2;1.65;2.1;3.85;1.95;5.45;2.6
16:00;Lorca CF;Puente Genil;751;1.93;3.1;4.0;1.47;2.45;4.95;2.17;6.4;3.05
16:00;Bohemians;Shelbourne;765;2.2;3.15;3.3;1.7;2.05;3.75;1.82;4.95;2.45
16:00;Sporting Cristal;Los Chankas;750;1.11;7.75;17.0;2.7;1.4;2.0;2.33;5.7;2.65
16:00;Bodrumspor;Igdir;766;1.85;3.5;4.05;1.92;1.8;3.05;1.7;4.65;2.17
16:00;Stal Mielec;Legnica;772;2.9;3.55;2.2;2.23;1.57;2.5;1.48;3.9;1.83
16:00;Ajka;Kozarmisleny;759;2.03;3.15;3.35;1.65;2.05;3.8;1.85;5.2;2.5
16:00;Csakvari;Tiszakecske;763;2.1;3.3;3.05;1.75;1.9;3.4;1.72;4.8;2.28
16:00;Honved;Mezokovesd;767;2.1;3.25;3.05;1.9;1.8;3.05;1.63;4.5;2.12
16:00;Kecskemeti;Karcagi;761;1.8;3.35;3.9;1.82;1.85;3.25;1.75;4.85;2.27
16:00;Al Jazira Abu Dhabi;Ajman;766;2.12;3.25;3.2;1.85;1.85;3.2;1.67;4.65;2.2
16:15;Angers;Lorient;870;2.65;3.2;2.9;1.65;2.3;4.35;1.95;5.6;2.72
16:15;Auxerre;Le Havre;876;2.17;3.45;3.55;1.77;2.07;3.7;1.82;5.1;2.45
16:15;Rennes;Nice;894;2.25;3.6;3.25;2.15;1.73;2.8;1.57;4.3;2.0
16:15;Bari;Mantova;791;2.12;3.35;3.6;1.9;1.93;3.35;1.77;4.75;2.3
16:25;Zalgiris;FA Siauliai;766;1.55;4.3;4.35;2.25;1.55;2.45;1.57;4.15;1.92
16:30;Everton;Tottenham;897;2.37;3.5;3.1;1.9;1.93;3.4;1.72;4.8;2.27
16:30;Stuttgart;Mainz;908;1.8;4.15;4.3;2.4;1.6;2.47;1.55;4.05;1.87
16:30;Gornik Z.;Jagiellonia;795;2.13;3.45;3.3;2.07;1.75;2.9;1.63;4.3;2.05
16:30;Ferencvaros;Zalaegerszegi;781;1.28;5.6;9.0;2.55;1.47;2.18;1.83;4.65;2.13
16:30;Sestao;Ebro;743;1.85;3.1;4.45;1.45;2.55;5.25;2.3;6.8;3.3
16:30;Danubio;River Plate M;754;1.77;3.35;4.85;1.6;2.18;4.1;2.05;5.8;2.78
16:30;O. Ljubljana;Domzale;760;1.3;5.25;8.25;2.45;1.5;2.28;1.83;4.7;2.15
16:30;Giana Erminio;Alcione Milano;749;2.18;2.85;3.3;1.42;2.55;5.3;2.15;6.5;3.15
16:30;Pro Patria;Ospitaletto;753;2.63;2.9;2.6;1.52;2.3;4.5;1.95;5.6;2.75
16:30;Pianese;Ravenna;755;3.15;2.9;2.25;1.55;2.27;4.4;1.95;5.6;2.75
16:30;Monopoli;Calcio Giugliano;759;1.9;3.3;3.55;1.72;1.95;3.5;1.8;4.95;2.37
16:30;Sorrento;Latina;758;2.42;3.05;2.7;1.55;2.25;4.33;1.92;5.5;2.68
16:30;Everton;Lyon;;3.0;3.55;2.17;2.2;1.6;;;;
16:45;Krasnodar;Rubin;786;1.55;4.3;6.25;1.93;1.88;3.25;1.97;5.4;2.5
17:00;Fiorentina;Bologna;900;2.65;3.15;2.8;1.63;2.25;4.25;1.9;5.5;2.65
17:00;Kasimpasa;Besiktas;793;4.25;3.95;1.77;2.2;1.67;2.68;1.6;4.33;1.97
17:00;FC Copenhagen;Viborg;790;1.48;4.5;6.2;2.15;1.73;2.78;1.85;4.85;2.23
17:00;AEL Limassol;Ypsonas;764;1.97;3.45;3.6;1.87;1.85;3.25;1.72;4.75;2.25
17:00;Anorthosis;Aris;760;6.0;4.4;1.47;2.0;1.75;2.9;1.88;5.0;2.32
17:00;Slovan Bratislava;Presov;760;1.3;5.5;8.25;2.55;1.45;2.15;1.75;4.45;2.05
17:00;EL Gaish;ZED FC;734;3.85;2.55;2.3;1.27;3.35;7.7;2.57;7.9;4.25
17:00;Pharco;Ismaily SC;741;2.42;2.72;3.25;1.35;2.9;6.25;2.32;6.9;3.55
17:00;Deportivo Saprissa;Puntarenas;753;1.4;4.5;7.25;2.0;1.72;2.85;1.97;5.2;2.45
17:15;Vitebsk;ML Vitebsk;753;7.4;3.7;1.45;1.9;1.8;3.05;2.07;5.5;2.63
17:15;Zamora CF;Ath Bilbao B;756;2.3;2.95;3.0;1.55;2.25;4.35;1.93;5.6;2.72
17:15;Sevilla B;Hercules;746;2.6;2.78;2.75;1.43;2.55;5.2;2.1;6.3;3.1
17:30;Osasuna;Celta Vigo;885;2.4;3.2;3.3;1.65;2.27;4.25;1.93;5.5;2.68
17:30;Genk;La Louviere;789;1.5;4.4;6.4;2.13;1.75;2.85;1.88;4.9;2.28
17:30;Almeria;Castellon;797;1.95;3.9;3.45;2.4;1.55;2.37;1.48;3.8;1.8
17:30;Gijon;Zaragoza;785;1.85;3.45;4.33;1.75;2.03;3.65;1.9;5.2;2.5
17:30;Plzen;Ostrava;793;1.43;5.0;6.7;2.65;1.48;2.18;1.63;4.15;1.9
17:30;Cobresal;U. Espanola;767;1.9;3.65;3.45;2.05;1.67;2.75;1.6;4.3;1.97
17:30;PAOK;Volos;784;1.28;5.6;9.75;2.3;1.63;2.57;2.07;5.1;2.42
18:00;Tondela;Sporting;785;10.0;6.1;1.27;2.55;1.53;2.28;1.97;4.85;2.27
18:00;Orihuela;Quintanar del Rey;744;2.15;2.9;3.6;1.37;2.8;6.0;2.32;6.9;3.5
18:00;Vinotinto;Tecnico U.;763;2.5;3.05;2.75;1.62;2.15;4.0;1.85;5.25;2.57
18:00;Cobreloa;S. Wanderers;765;2.1;3.25;3.1;1.85;1.82;3.15;1.65;4.6;2.17
18:00;Forge;Atl. Ottawa;389;2.05;3.3;3.15;1.85;1.83;3.15;1.67;4.6;2.2
18:00;Colon;Cerrito;757;1.67;3.95;4.2;1.67;2.05;3.75;2.0;5.5;2.6
18:15;Union SG;St. Truiden;791;1.4;4.85;7.25;2.33;1.63;2.55;1.77;4.7;2.2
18:15;Valerenga;Stromsgodset;798;1.87;3.85;3.8;2.7;1.45;2.1;1.43;3.55;1.67
18:15;UTC Cajamarca;Alianza Huanuco;764;2.07;3.35;3.25;1.82;1.87;3.3;1.7;4.7;2.25
18:15;H. Beer Sheva;M. Bnei Reina;752;1.13;7.3;14.0;2.9;1.35;1.9;2.03;4.95;2.3
18:30;Duisburg;RW Essen;791;2.23;3.4;3.15;1.95;1.75;2.95;1.62;4.4;2.1
18:30;FCSB;UTA Arad;787;1.45;4.45;6.3;2.1;1.73;2.8;1.9;4.9;2.28
18:30;R. Rzeszow;Skierniewice;769;2.6;3.35;2.45;2.03;1.7;2.8;1.55;4.2;1.97
19:00;G.A. Eagles;Excelsior;800;1.83;4.1;3.85;2.6;1.52;2.25;1.5;3.65;1.73
19:00;Malagueno;Aguilas FC;753;3.35;2.9;2.25;1.47;2.5;5.0;2.1;6.25;3.05
19:00;Liverpool M.;Progreso;761;1.7;3.95;4.4;1.83;1.88;3.3;1.85;5.0;2.35
19:00;Botafogo;Santos;782;1.88;3.4;4.3;1.67;2.15;4.0;1.97;5.5;2.65
19:00;Gremio;Juventude;781;1.77;3.55;4.7;1.67;2.15;3.95;2.03;5.7;2.7
19:00;Olympiacos;AEK;786;1.72;3.65;5.0;1.8;2.03;3.6;1.97;5.25;2.52
19:00;CRB;Atletico GO;760;1.95;3.3;3.9;1.65;2.2;4.1;1.97;5.6;2.65
19:15;Legia;Lech Poznan;798;2.07;3.75;3.25;2.2;1.67;2.68;1.57;4.1;1.93
19:15;Mura;Celje;769;5.9;4.8;1.43;2.65;1.43;2.12;1.57;3.95;1.85
19:30;Atl. Madrid B;CE Europa;760;2.13;3.05;3.2;1.65;2.07;3.8;1.83;5.1;2.5
19:30;Salernitana;Casertana;758;1.65;3.55;4.5;1.75;1.93;3.45;1.9;5.2;2.45
19:45;Lyon;Strasbourg;885;2.1;3.8;3.4;2.2;1.7;2.72;1.57;4.25;1.97
19:45;Lazio;Juventus;889;3.3;3.15;2.3;1.65;2.25;4.2;1.92;5.45;2.65
