TIME;DAY;DATE;LEAGUE;HOME;AWAY;MATCH_ID;1;X;2;0-2;2+;3+;GG;IGG;GG&3+
05:00;Sub;25.10.;JAP1;FC Tokyo;Okayama;601;1.9;3.45;4.1;1.73;1.34;2.1;1.9;5.0;2.45
05:00;Sub;25.10.;JAP1;Kashiwa Reysol;Yokohama FC;597;1.6;3.7;5.9;1.75;1.33;2.07;2.0;5.3;2.55
05:00;Sub;25.10.;JAP1;Kyoto;Kashima Antlers;599;2.7;3.4;2.5;1.95;1.25;1.85;1.65;4.15;2.05
05:00;Sub;25.10.;JAP1;Nagoya Grampus;Gamba Osaka;599;2.65;3.3;2.6;1.75;1.34;2.08;1.8;4.7;2.32
05:00;Sub;25.10.;JAP1;Shimizu S-Pulse;Verdy;599;2.5;3.0;3.05;1.55;1.45;2.45;1.98;5.55;2.7
05:00;Sub;25.10.;JAP1;Urawa Red Diamonds;Machida;599;3.35;3.15;2.23;1.72;1.35;2.12;1.82;4.85;2.35
05:00;Sub;25.10.;JAP1;Yokohama F. Marinos;Sanfrecce Hiroshima;599;3.0;3.5;2.25;1.9;1.27;1.9;1.7;4.3;2.15
05:00;Sub;25.10.;JAP2;Fujieda MYFC;Kofu;500;2.25;3.35;2.95;1.8;1.29;1.9;1.73;4.4;2.12
05:00;Sub;25.10.;JAP3;Gifu;Kagoshima Utd;502;3.4;3.35;2.03;1.9;1.26;1.8;1.68;4.25;2.02
05:00;Sub;25.10.;JAP3;Giravanz Kitakyushu;Ryukyu;502;1.8;3.4;4.25;1.77;1.3;1.93;1.82;4.75;2.23
05:00;Sub;25.10.;JAP3;Kusatsu;Nara Club;500;2.25;3.6;2.75;1.97;1.23;1.75;1.65;4.0;1.95
05:00;Sub;25.10.;JAP3;Nagano;Azul Claro Numazu;500;2.28;3.35;2.9;1.8;1.29;1.88;1.73;4.4;2.1
05:00;Sub;25.10.;JAP3;Tochigi City;Vanraure;501;2.4;3.15;2.85;1.7;1.34;2.0;1.8;4.7;2.23
05:00;Sub;25.10.;JKOR1;Jeonbuk;Gimcheon Sangmu;531;2.05;3.8;3.25;2.5;1.14;1.53;1.47;3.4;1.72
05:00;Sub;25.10.;JKOR1;Gwangju FC;Anyang;530;2.17;3.15;3.5;1.67;1.38;2.2;1.88;5.05;2.45
05:00;Sub;25.10.;JKOR2;Seongnam;Hwaseong;501;1.73;3.5;4.5;1.75;1.32;1.97;1.9;4.95;2.32
05:00;Sub;25.10.;JKOR2;Suwon Bluewings;Jeonnam;501;1.63;4.15;4.3;2.3;1.15;1.55;1.6;3.7;1.83
05:00;Sub;25.10.;JKOR3;Ulsan Citizen;Yangpyeong;501;3.4;3.2;2.1;1.57;1.42;2.25;2.0;5.35;2.7
06:00;Sub;25.10.;AUS1;Melbourne City;Perth Glory;677;1.5;4.4;5.95;2.25;1.17;1.58;1.7;4.05;2.0
06:00;Sub;25.10.;JAP1;Cerezo Osaka;Kawasaki Frontale;602;2.5;3.85;2.45;2.8;1.1;1.45;1.4;3.1;1.6
06:30;Sub;25.10.;IDN2;Persipura Jayapura;Barito Putera;490;2.55;2.95;2.65;1.65;1.35;2.1;1.8;4.85;2.28
06:30;Sub;25.10.;KIN3;Ganzhou Ruishi;Taian Tiankuang;501;3.25;3.25;2.02;1.72;1.33;2.0;1.83;4.75;2.27
06:30;Sub;25.10.;KIN3;Guangzhou Dandelion;Hangzhou Linping Wuyue;499;1.92;3.05;3.85;1.53;1.45;2.33;2.05;5.7;2.65
06:30;Sub;25.10.;KIN3;Hubei Istar;Guangdong Mingtu;501;2.18;3.2;2.95;1.7;1.34;2.0;1.82;4.75;2.27
06:30;Sub;25.10.;KIN3;Jiangxi Lushan;Wuhan Three Towns B;500;1.95;3.2;3.55;1.58;1.4;2.22;2.0;5.4;2.6
06:30;Sub;25.10.;KIN3;Kunming City Star;Beijing Technology;501;3.0;3.15;2.17;1.7;1.35;2.05;1.85;4.8;2.3
06:30;Sub;25.10.;KIN3;Quanzhou Yassin;Lanzhou Longyuan Athletic;501;3.0;3.1;2.2;1.75;1.32;1.98;1.77;4.65;2.2
06:30;Sub;25.10.;KIN3;Shanghai Port B;Wenzhou Professional;501;2.6;2.8;2.7;1.53;1.45;2.35;1.95;5.5;2.55
06:30;Sub;25.10.;KIN3;Shanxi Chongde Ronghai;Guangxi Lanhang;496;1.14;6.25;12.4;2.75;1.09;1.4;2.17;5.05;2.35
07:30;Sub;25.10.;JKOR1;Suwon FC;Jeju SK;531;1.85;3.85;3.85;2.4;1.15;1.57;1.52;3.6;1.8
07:30;Sub;25.10.;JKOR2;Busan;Gimpo FC;501;2.07;3.25;3.4;1.7;1.35;2.05;1.85;4.85;2.3
07:30;Sub;25.10.;JKOR2;Cheonan City;Ansan Greeners;501;2.4;3.2;2.8;1.7;1.34;2.03;1.82;4.75;2.27
07:30;Sub;25.10.;JKOR2;Cheongju;Bucheon FC 1995;502;4.05;3.55;1.8;1.75;1.32;1.97;1.9;4.85;2.32
07:30;Sub;25.10.;KIN1;Tianjin Jinmen Tiger;Changchun Yatai;595;1.82;3.45;4.1;1.85;1.27;1.85;1.75;4.45;2.12
07:30;Sub;25.10.;KIN2;Shenzhen Juniors;Suzhou Dongwu;501;2.55;3.35;2.55;1.75;1.32;1.98;1.8;4.6;2.22
08:00;Sub;25.10.;ČEŠ3;Kolin;Neratovice;501;1.85;3.65;3.4;2.25;1.17;1.58;1.55;3.65;1.8
08:00;Sub;25.10.;JAP2;V-Varen Nagasaki;Imabari;501;1.8;3.75;3.8;2.12;1.19;1.65;1.62;3.9;1.9
08:00;Sub;25.10.;RUM2;Asa Targu Mures;CSM Slatina;500;2.2;3.4;2.95;1.85;1.27;1.85;1.7;4.25;2.05
08:00;Sub;25.10.;RUM2;CS Din. Bucuresti;Tunari;501;2.12;3.4;3.15;1.85;1.27;1.85;1.7;4.3;2.07
08:00;Sub;25.10.;RUM2;CSM Resita;Poli Iasi;502;1.8;3.6;4.0;1.9;1.25;1.8;1.75;4.35;2.08
08:00;Sub;25.10.;RUM2;CSM Satu Mare;Steaua Bucuresti;499;5.9;4.25;1.47;2.05;1.21;1.7;1.85;4.55;2.17
08:00;Sub;25.10.;RUM2;Concordia;Metalul Buzau;501;1.97;3.45;3.45;1.8;1.29;1.9;1.77;4.5;2.15
08:00;Sub;25.10.;RUM2;Corvinul Hunedoara;FC Bacau;496;1.18;6.1;13.1;2.35;1.15;1.52;2.3;5.6;2.55
08:00;Sub;25.10.;RUM2;Selimbar;Ceahlaul;502;1.85;3.55;3.85;1.83;1.28;1.87;1.8;4.5;2.17
08:00;Sub;25.10.;RUM2;Sepsi Sf. Gheorghe;Gloria Bistrita;498;1.35;4.6;7.8;2.05;1.21;1.7;2.03;5.05;2.35
08:15;Sub;25.10.;ČEŠ3;Trinec;Vitkovice;499;1.22;5.85;8.6;3.3;1.05;1.29;1.68;3.65;1.8
08:15;Sub;25.10.;ČEŠ3;Loko Praha;SK Kladno;496;9.1;4.65;1.27;2.25;1.17;1.57;1.95;4.7;2.17
08:15;Sub;25.10.;ČEŠ3;Motorlet Prague;Slavia Prague U20;500;2.38;3.45;2.5;2.15;1.19;1.62;1.55;3.7;1.8
08:15;Sub;25.10.;ČEŠ3;Jablonec B;Teplice B;501;2.12;3.55;2.8;2.3;1.16;1.55;1.5;3.5;1.73
08:30;Sub;25.10.;IDN1;Persik Kediri;PSM Makassar;501;2.3;3.2;2.95;1.67;1.35;2.07;1.85;4.85;2.3
08:30;Sub;25.10.;IDN2;Persela Lamongan;PSS Sleman;490;3.2;3.15;2.1;1.75;1.32;1.98;1.8;4.65;2.2
08:35;Sub;25.10.;AUS1;Sydney FC;Central Coast Mariners;677;1.55;4.15;5.45;2.3;1.16;1.55;1.62;3.85;1.9
08:45;Sub;25.10.;KMB1;Kirivong Sok Sen Chey;Tiffy Army;489;5.45;4.25;1.45;2.35;1.15;1.52;1.67;3.9;1.9
09:00;Sub;25.10.;AFCCL;Altyn Asyr;Abdish-Ata;501;3.1;3.6;2.07;2.2;1.17;1.6;1.53;3.6;1.78
09:00;Sub;25.10.;ČEŠ19;Brno U19;Mlada Boleslav U19;;1.83;3.85;3.3;2.85;1.09;1.37;1.38;;
09:00;Sub;25.10.;ČEŠ19;Slovacko U19;Karvina U19;;1.72;4.0;3.6;2.85;1.09;1.37;1.4;;
09:00;Sub;25.10.;ČEŠ19;Sparta Prague U19;Dukla Prague U19;;1.48;4.6;4.65;3.4;1.05;1.27;1.4;;
09:00;Sub;25.10.;ČEŠ19;Zlin U19;Jihlava U19;;1.5;4.0;5.35;2.32;1.15;1.53;1.63;;
09:00;Sub;25.10.;ITAPV;Cremonese U20;Inter Milan U20;501;4.7;3.65;1.65;2.03;1.21;1.7;1.7;4.2;2.0
09:00;Sub;25.10.;ITAP2;Como U19;Renate U19;496;1.24;5.15;9.2;2.3;1.16;1.55;2.1;5.05;2.35
09:00;Sub;25.10.;ITAP2;Pisa U19;Salernitana U19;501;1.55;4.0;4.65;2.25;1.17;1.57;1.65;3.9;1.9
09:00;Sub;25.10.;MJAN1;Ispe FC;Thitsar Arman;491;2.12;3.55;2.8;2.43;1.13;1.5;1.45;3.35;1.67
09:00;Sub;25.10.;MJAN1;Yangon Utd;Hantharwady Utd;489;1.3;4.7;7.6;2.65;1.11;1.42;1.7;3.9;1.85
09:00;Sub;25.10.;VIJ2;Van Hien;Xuan Thien Phu Tho;489;2.05;2.95;3.55;1.58;1.4;2.22;1.93;5.3;2.45
09:30;Sub;25.10.;ITAP2;Benevento U19;Crotone U19;500;1.48;4.2;5.15;2.25;1.17;1.57;1.7;4.05;1.95
09:30;Sub;25.10.;ITAP2;Sampdoria U19;Brescia U19;490;1.78;3.6;3.7;2.0;1.22;1.72;1.68;4.1;2.0
10:00;Sub;25.10.;AFCCL;Safa;Al Arabi SC;501;5.1;3.7;1.62;1.72;1.33;2.0;2.0;5.25;2.47
10:00;Sub;25.10.;BUG1;Botev Vratsa;Septemvri Sofia;527;1.77;3.4;4.45;1.63;1.38;2.13;2.02;5.4;2.55
10:00;Sub;25.10.;ČEŠ19;Pardubice U19;Ostrava U19;;3.05;3.6;2.0;2.35;1.15;1.52;1.5;;
10:00;Sub;25.10.;ENG21;Blackburn U21;Manchester City U21;501;5.65;5.1;1.35;3.55;1.04;1.25;1.45;3.05;1.55
10:00;Sub;25.10.;POR2;Leiria;Leixoes;501;2.05;3.1;3.65;1.65;1.35;2.1;1.85;5.0;2.33
10:00;Sub;25.10.;POR2;Sporting CP B;Lusitania FC;501;2.15;3.2;3.25;1.67;1.35;2.07;1.85;4.9;2.32
10:00;Sub;25.10.;POR23;Estoril U23;Benfica U23;499;6.15;4.55;1.42;2.3;1.16;1.55;1.75;4.1;1.98
10:00;Sub;25.10.;TUR3;Yeni Malatyaspor;1461 Trabzon;483;14.9;7.3;1.11;3.35;1.05;1.28;2.15;4.8;2.25
10:00;Sub;25.10.;UKR1;Metalist 1925;LNZ Cherkasy;500;2.55;3.0;2.8;1.45;1.5;2.5;2.1;5.9;2.8
10:00;Sub;25.10.;VIJ2;Khanh Hoa;PVF-CAND B;490;1.85;3.2;3.9;1.65;1.35;2.1;1.92;5.15;2.4
10:30;Sub;25.10.;RUM2;Chindia Targoviste;Voluntari;501;2.25;3.15;3.1;1.65;1.37;2.1;1.85;4.95;2.35
10:30;Sub;25.10.;TUR2;Adana Demirspor;Vanspor;;31.0;11.1;1.04;4.75;;;;;
10:30;Sub;25.10.;TUR2;Sariyer;Manisa;501;1.7;3.8;4.3;2.0;1.23;1.73;1.73;4.25;2.05
11:00;Sub;25.10.;BLR1;Naftan;Din. Minsk;499;6.75;4.45;1.4;2.05;1.21;1.68;1.92;4.7;2.22
11:00;Sub;25.10.;DAN3;Ishoj;Naestved;500;2.95;3.5;2.18;1.95;1.24;1.77;1.65;4.1;2.0
11:00;Sub;25.10.;DAN4;Horsholm-Usserod IK;Odder;500;2.17;3.45;2.8;1.9;1.25;1.8;1.7;4.15;2.03
11:00;Sub;25.10.;ENG21;Manchester Utd U21;Tottenham U21;503;1.78;4.1;3.3;3.15;1.06;1.31;1.35;2.85;1.48
11:00;Sub;25.10.;GRČ2;Asteras Tripolis B;Giannina;499;1.95;3.3;3.75;1.55;1.43;2.3;2.08;5.6;2.8
11:00;Sub;25.10.;GRČ2;Iraklis 1908;Niki Volos;501;2.18;3.05;3.35;1.5;1.47;2.4;2.05;5.7;2.8
11:00;Sub;25.10.;ITAPV;Milan U20;Cesena U20;502;2.35;3.75;2.55;2.3;1.15;1.55;1.5;3.45;1.72
11:00;Sub;25.10.;KEN1;Kakamega Homeboyz;Ulinzi Stars;;1.67;3.25;4.95;1.45;1.5;2.5;2.4;;
11:00;Sub;25.10.;KIN1;Henan Songshan Longmen;Zhejiang Professional;596;1.85;3.95;3.4;2.85;1.09;1.37;1.38;3.05;1.55
11:00;Sub;25.10.;LET1;BFC Daugavpils;Super Nova;501;1.83;3.65;3.8;2.05;1.21;1.7;1.65;4.0;1.95
11:00;Sub;25.10.;LIT2;Babrungas;Hegelmann Litauen 2;488;1.35;4.55;6.6;2.35;1.15;1.52;1.77;4.15;2.0
11:00;Sub;25.10.;LIT2;Tauras Taurage;BFA Vilnius;488;1.26;5.1;8.3;2.5;1.12;1.47;1.87;4.35;2.07
11:00;Sub;25.10.;LIT2;Transinvest;Siauliai 2;481;1.08;8.0;16.6;4.05;1.02;1.2;2.12;4.65;2.18
11:00;Sub;25.10.;MOL1;Sparta Selemet;Balti;487;8.2;4.9;1.28;2.3;1.16;1.55;1.95;4.65;2.2
11:00;Sub;25.10.;NEM2;Arminia Bielefeld;Elversberg;1254;2.8;3.85;2.25;2.5;1.14;1.53;1.45;3.35;1.7
11:00;Sub;25.10.;NEM2;Holstein Kiel;Bochum;1308;1.9;3.95;3.5;2.25;1.18;1.65;1.58;3.75;1.9
11:00;Sub;25.10.;NEM2;SG Dynamo Dresden;Paderborn;1278;3.25;3.7;2.07;2.28;1.17;1.63;1.53;3.65;1.83
11:00;Sub;25.10.;NEM4;Hannover II;Hannoverscher SC;501;1.3;5.65;7.1;3.4;1.05;1.27;1.53;3.25;1.65
11:00;Sub;25.10.;NOR3;Sandviken;Brattvag;502;6.15;5.2;1.37;3.3;1.05;1.29;1.48;3.2;1.6
11:00;Sub;25.10.;NOR3;Arendal;Jerv;503;2.17;3.95;2.7;2.75;1.1;1.4;1.4;3.05;1.55
11:00;Sub;25.10.;NOR3;Brann 2;Traeff;503;3.2;3.95;1.92;2.75;1.1;1.4;1.4;3.1;1.57
11:00;Sub;25.10.;NOR3;Eik-Tonsberg;Sandnes Ulf;502;5.2;4.7;1.47;2.8;1.09;1.38;1.52;3.35;1.68
11:00;Sub;25.10.;NOR3;Pors;Notodden;502;2.5;3.7;2.4;2.32;1.15;1.53;1.48;3.45;1.7
11:00;Sub;25.10.;NOR3;Sotra;Lysekloster;500;1.47;4.5;5.5;2.35;1.15;1.52;1.68;3.9;1.9
11:00;Sub;25.10.;NOR3;V. Haugesund;Flekkeroy;502;1.53;4.4;4.9;2.65;1.11;1.42;1.52;3.4;1.7
11:00;Sub;25.10.;NOR3;Eidsvold TF;Ull/Kisa;503;2.02;4.3;2.8;3.55;1.04;1.25;1.28;2.65;1.4
11:00;Sub;25.10.;NOR3;Follo;Strommen;502;6.05;4.85;1.4;3.2;1.06;1.3;1.45;3.15;1.6
11:00;Sub;25.10.;NOR3;Honefoss;Asker;;1.24;6.45;7.9;4.9;;;;;
11:00;Sub;25.10.;NOR3;Kjelsas;Alta;501;1.38;5.35;5.7;3.75;1.03;1.23;1.4;2.9;1.5
11:00;Sub;25.10.;NOR3;Levanger;Strindheim;502;1.38;5.15;5.9;3.35;1.05;1.28;1.45;3.1;1.58
11:00;Sub;25.10.;NOR3;Rana;Stjordals Blink;503;2.75;3.95;2.13;2.95;1.08;1.34;1.34;2.9;1.5
11:00;Sub;25.10.;NOR3;Tromsdalen;Grorud;503;2.02;4.1;2.9;3.2;1.06;1.3;1.31;2.8;1.45
11:00;Sub;25.10.;RUS1;Spartak Moscow;Orenburg;531;1.37;5.2;7.2;2.65;1.11;1.45;1.67;3.8;1.9
11:00;Sub;25.10.;RUS2;Saratov;Ulyanovsk;501;2.75;2.9;2.65;1.58;1.4;2.22;1.88;5.2;2.4
11:00;Sub;25.10.;RUS2;Ufa;Neftekhimik;496;2.35;2.95;3.1;1.38;1.6;2.8;2.3;6.6;3.2
11:00;Sub;25.10.;ŠVE2;Umea FC;Varberg;530;3.0;3.65;2.07;2.12;1.19;1.65;1.58;3.75;1.85
11:00;Sub;25.10.;ŠVE3;Ariana FC;Olympic;501;1.87;3.75;3.5;2.42;1.14;1.5;1.48;3.4;1.7
11:00;Sub;25.10.;ŠVE3;Trollhattan;Jonkopings;500;3.2;3.35;2.1;1.95;1.24;1.77;1.65;4.1;1.97
11:00;Sub;25.10.;ŠVE3;IFK Stocksund;Enkopings SK;503;2.95;3.9;2.05;2.75;1.09;1.4;1.38;3.05;1.55
11:00;Sub;25.10.;ŠVE3;Sollentuna;United Nordic;501;5.35;4.2;1.5;2.45;1.13;1.48;1.58;3.65;1.78
11:00;Sub;25.10.;TAJ1;Ayutthaya Utd;Chonburi;500;2.15;3.5;3.0;2.0;1.23;1.73;1.63;4.0;1.95
11:00;Sub;25.10.;TAJ2;Songkhla FC;Mahasarakham United FC;501;2.65;3.0;2.5;1.75;1.32;1.98;1.75;4.6;2.17
11:00;Sub;25.10.;TAN;Mashujaa;Namungo;;2.03;2.9;3.65;1.52;1.45;2.35;2.02;;
11:00;Sub;25.10.;VIJ1;Binh Duong;Hanoi FC;490;4.6;3.9;1.65;2.05;1.21;1.7;1.72;4.2;2.02
11:00;Sub;25.10.;VIJ1;PVF-CAND;Phu Dong Ninh Binh;501;4.2;3.45;1.8;1.7;1.34;2.03;1.93;5.05;2.4
11:15;Sub;25.10.;POL3;Hutnik Krakow;Zaglebie Sosnowiec;502;2.35;3.7;2.55;2.35;1.15;1.52;1.47;3.4;1.7
11:30;Sub;25.10.;DAN3;VSK Aarhus;Roskilde;499;6.8;4.5;1.4;2.25;1.17;1.58;1.78;4.3;2.03
11:30;Sub;25.10.;DAN4;Lyseng;Sundby;500;2.6;3.55;2.27;2.05;1.21;1.67;1.6;3.8;1.88
11:30;Sub;25.10.;ENG2;Coventry;Watford;3164;1.5;4.2;6.2;2.25;1.18;1.65;1.7;4.15;2.03
11:30;Sub;25.10.;ENG2;Ipswich;West Brom;3398;1.8;3.7;4.3;1.82;1.3;1.98;1.87;4.8;2.37
11:30;Sub;25.10.;ENG2;Portsmouth;Stoke;3101;2.65;3.2;2.7;1.78;1.32;2.03;1.75;4.6;2.25
11:30;Sub;25.10.;ENG3;Bolton;Cardiff;530;1.95;3.6;3.35;2.05;1.21;1.68;1.6;3.9;1.9
11:30;Sub;25.10.;ENG3;Mansfield;Wigan;530;2.4;3.1;2.9;1.63;1.38;2.13;1.87;5.0;2.35
11:30;Sub;25.10.;ENG4;Cheltenham;Walsall;530;4.25;3.3;1.83;1.72;1.33;2.0;1.85;4.9;2.28
11:30;Sub;25.10.;ENG4;Fleetwood;Accrington;531;2.0;3.3;3.5;1.78;1.3;1.92;1.77;4.55;2.15
11:30;Sub;25.10.;ENG5;Halifax;York City;530;3.75;3.75;1.8;2.07;1.2;1.67;1.65;3.95;1.93
11:30;Sub;25.10.;ENG21;Sunderland U21;Stoke City U21;503;1.82;4.05;3.2;3.05;1.07;1.33;1.35;2.9;1.5
11:30;Sub;25.10.;EST1;Harju JK Laagri;Narva;501;4.3;3.85;1.68;2.33;1.15;1.53;1.55;3.65;1.78
11:30;Sub;25.10.;EST1;Kuressaare;Kalju;501;5.65;4.7;1.45;2.55;1.12;1.45;1.62;3.7;1.8
11:30;Sub;25.10.;KIN2;Dingnan Ganlian;Dalian Kuncheng;501;2.45;3.15;2.8;1.63;1.38;2.13;1.87;5.0;2.37
11:30;Sub;25.10.;KIN2;Foshan Nanshi;Shanghai Jiading Huilong;500;1.78;3.35;4.45;1.67;1.35;2.07;1.95;5.15;2.4
11:30;Sub;25.10.;KIN2;Qingdao Red Lions;Nanjing City;501;3.2;3.45;2.05;1.83;1.28;1.87;1.75;4.4;2.12
11:30;Sub;25.10.;SIN1;Young Lions;Geylang;501;8.2;6.0;1.26;3.6;1.04;1.24;1.55;3.3;1.65
11:30;Sub;25.10.;SVK2;Inter Bratislava;Slavia TU Kosice;500;1.45;4.4;6.1;2.35;1.15;1.52;1.68;3.95;1.9
11:30;Sub;25.10.;SVK2;Lehota pod Vtacnikom;Banska Bystrica;499;7.4;4.2;1.4;2.05;1.21;1.67;1.85;4.65;2.15
11:30;Sub;25.10.;SVK2;Lubovna;Slovan Bratislava B;501;2.07;3.6;3.1;1.98;1.23;1.73;1.65;4.0;1.95
11:30;Sub;25.10.;SVK2;Puchov;Liptovsky Mikulas;501;2.95;3.45;2.2;2.07;1.2;1.67;1.57;3.8;1.85
11:30;Sub;25.10.;SVK2;Samorin;Malzenice;501;1.87;3.6;3.65;2.2;1.18;1.6;1.55;3.7;1.8
11:30;Sub;25.10.;TAJ1;Chiangrai Utd;Kanchanaburi;501;2.35;3.2;2.85;1.72;1.33;2.0;1.78;4.65;2.22
11:30;Sub;25.10.;TAJ2;Police Tero;Khonkaen Utd.;500;2.65;3.5;2.23;2.0;1.23;1.73;1.63;3.95;1.95
11:30;Sub;25.10.;TUR3;Adana;Muglaspor;501;2.45;3.0;2.7;1.73;1.32;1.98;1.75;4.6;2.18
11:30;Sub;25.10.;UZB1;Shortan Guzor;Neftchi Fargona;488;7.3;4.3;1.35;1.88;1.26;1.82;2.2;5.55;2.6
11:45;Sub;25.10.;MLZ1;Kuching City FC;Penang;488;1.45;4.4;6.05;2.2;1.17;1.6;1.75;4.2;2.0
12:00;Sub;25.10.;ŠPA1;Girona;Oviedo;3537;1.85;3.6;4.45;1.72;1.4;2.12;2.0;5.5;2.6
12:00;Sub;25.10.;AFCCL;Al Shabab;Paro;501;1.58;4.2;4.65;2.55;1.12;1.45;1.52;3.45;1.7
12:00;Sub;25.10.;AUT3;Sportunion Mauer;Neusiedl;501;2.15;3.65;2.7;2.3;1.16;1.55;1.5;3.5;1.75
12:00;Sub;25.10.;AUT3;Kitzbuhel;Kufstein;501;1.88;3.65;3.3;2.18;1.18;1.6;1.57;3.7;1.83
12:00;Sub;25.10.;AZE1;Araz;Sabah Baku;501;3.35;3.1;2.15;1.6;1.4;2.2;1.93;5.2;2.45
12:00;Sub;25.10.;ČEŠ3;Ceska Lipa;Velvary;499;1.24;5.6;8.1;3.2;1.06;1.3;1.67;3.65;1.8
12:00;Sub;25.10.;DAN2;Aalborg;Lyngby;529;2.35;3.6;2.6;2.07;1.2;1.67;1.58;3.8;1.87
12:00;Sub;25.10.;DAN2;Aarhus Fremad;Esbjerg;530;1.88;3.65;3.6;2.18;1.18;1.6;1.55;3.75;1.82
12:00;Sub;25.10.;DAN2;Hobro;Hillerod;529;2.65;3.2;2.55;1.8;1.29;1.88;1.7;4.35;2.08
12:00;Sub;25.10.;DAN3;AB Copenhagen;Brabrand;499;1.23;6.0;9.7;3.0;1.07;1.34;1.75;3.95;1.9
12:00;Sub;25.10.;DAN3;Hellerup;Skive;501;2.18;3.1;3.3;1.7;1.33;2.0;1.78;4.7;2.2
12:00;Sub;25.10.;DAN4;BK Frem;Holbaek;500;2.6;3.3;2.38;1.8;1.29;1.88;1.73;4.35;2.1
12:00;Sub;25.10.;DAN4;Bronshoj;Vejgaard;501;1.67;3.9;3.9;2.25;1.17;1.58;1.6;3.75;1.85
12:00;Sub;25.10.;DAN4;FA 2000;Vanlose;501;2.03;3.3;3.15;2.0;1.22;1.72;1.6;4.0;1.92
12:00;Sub;25.10.;ENG21;Leicester U21;Southampton U21;503;2.18;4.0;2.48;3.1;1.07;1.32;1.33;2.85;1.45
12:00;Sub;25.10.;ETI1;St. George;Ethiopian Insurance;;3.1;2.65;2.42;1.35;1.65;2.9;2.28;;
12:00;Sub;25.10.;FRO2;Sandur;IF Fuglafjordur;491;1.53;4.2;4.55;2.95;1.08;1.35;1.43;3.15;1.6
12:00;Sub;25.10.;FRA2;Amiens;Rodez;1207;2.95;3.6;2.25;2.05;1.21;1.7;1.6;3.85;1.95
12:00;Sub;25.10.;FRA2;Montpellier;Nancy;1228;2.1;3.15;3.7;1.67;1.35;2.07;1.85;4.95;2.4
12:00;Sub;25.10.;GRČ2;Ellas Syrou;PAE Egaleo;500;2.13;3.2;3.3;1.55;1.45;2.3;2.03;5.5;2.65
12:00;Sub;25.10.;GRČ2;Ilioupoli;PAE Chania;501;3.0;3.25;2.25;1.6;1.4;2.17;1.93;5.1;2.45
12:00;Sub;25.10.;GRČ2;Kavala;Karditsa;500;6.15;3.3;1.6;1.6;1.4;2.18;2.1;5.85;2.75
12:00;Sub;25.10.;GRČ2;Panargiakos;Kallithea;500;6.85;3.85;1.47;1.6;1.4;2.17;2.4;6.45;3.0
12:00;Sub;25.10.;IDN1;Bali United;Persita;501;1.72;3.7;4.25;2.1;1.2;1.65;1.63;3.95;1.9
12:00;Sub;25.10.;IDN2;PSMS Medan;Persiraja Aceh;490;1.63;3.55;4.7;1.7;1.35;2.05;2.05;5.35;2.55
12:00;Sub;25.10.;ISL1;Vestmannaeyjar;KA Akureyri;533;2.35;3.8;2.55;2.65;1.11;1.42;1.4;3.1;1.58
12:00;Sub;25.10.;ITAP2;Reggiana U19;Entella U19;490;3.8;3.65;1.75;2.05;1.21;1.7;1.67;4.05;1.95
12:00;Sub;25.10.;KIP2;Iraklis Gerolakkou;Digenis Akritas;;6.45;3.95;1.48;1.98;1.23;1.73;1.85;;
12:00;Sub;25.10.;KIP2;Nea Salamis;Halkanoras;;1.2;6.0;12.2;2.5;1.13;1.47;2.1;;
12:00;Sub;25.10.;LIB1;Tadamon;AL Ahed;496;8.9;4.5;1.29;2.05;1.21;1.67;2.07;5.2;2.35
12:00;Sub;25.10.;NEM3;Cottbus;TSV Havelse;529;1.33;5.1;7.3;2.75;1.1;1.4;1.65;3.75;1.82
12:00;Sub;25.10.;NEM3;Ingolstadt;Saarbrucken;531;2.28;3.65;2.7;2.35;1.15;1.52;1.47;3.4;1.7
12:00;Sub;25.10.;NEM3;Mannheim;Munich 1860;528;2.4;3.4;2.65;2.0;1.22;1.72;1.6;3.95;1.9
12:00;Sub;25.10.;NEM3;Regensburg;Stuttgart II;529;2.33;3.6;2.65;2.1;1.2;1.65;1.57;3.75;1.85
12:00;Sub;25.10.;NEM3;Verl;Ulm;530;1.93;3.75;3.3;2.32;1.15;1.53;1.5;3.5;1.75
12:00;Sub;25.10.;NEM4;Aschaffenburg;Eichstatt;501;3.55;3.45;1.95;2.05;1.21;1.7;1.6;3.95;1.9
12:00;Sub;25.10.;NEM4;Bayern Munich II;Illertissen;503;2.17;3.9;2.7;2.65;1.11;1.42;1.4;3.15;1.6
12:00;Sub;25.10.;NEM4;Greuther Furth II;Ansbach;501;1.97;3.75;3.2;2.42;1.14;1.5;1.47;3.4;1.7
12:00;Sub;25.10.;NEM4;Hankofen-Hailing;Aubstadt;501;3.75;3.75;1.8;2.15;1.18;1.62;1.6;3.8;1.85
12:00;Sub;25.10.;NEM4;Memmingen;Unterhaching;501;5.6;3.9;1.55;2.2;1.18;1.6;1.65;4.0;1.9
12:00;Sub;25.10.;NEM4;Schwaben Augsburg;Vilzing;501;3.5;3.8;1.87;2.2;1.18;1.6;1.57;3.7;1.83
12:00;Sub;25.10.;NEM4;Balingen;Kassel;501;3.15;3.6;2.03;2.3;1.16;1.55;1.5;3.5;1.73
12:00;Sub;25.10.;NEM4;Freiburg II;Walldorf;503;2.7;3.85;2.2;2.6;1.11;1.45;1.42;3.2;1.6
12:00;Sub;25.10.;NEM4;Grossaspach;Bahlinger;502;1.37;5.0;6.45;2.85;1.09;1.37;1.6;3.55;1.75
12:00;Sub;25.10.;NEM4;Mainz II;Freiberg;502;2.7;3.65;2.25;2.55;1.12;1.45;1.42;3.25;1.62
12:00;Sub;25.10.;NEM4;Steinbach Haiger;FSV Frankfurt;501;1.78;4.05;3.6;2.45;1.13;1.48;1.5;3.4;1.7
12:00;Sub;25.10.;NEM4;Stutt. Kickers;Schott Mainz;502;1.4;5.0;6.0;2.95;1.08;1.35;1.55;3.4;1.7
12:00;Sub;25.10.;NEM4;Norderstedt;SC Weiche-08;503;2.43;3.85;2.4;2.6;1.11;1.43;1.4;3.15;1.6
12:00;Sub;25.10.;NEM4;Schoningen;Lohne;503;2.5;4.05;2.28;3.1;1.07;1.32;1.33;2.85;1.47
12:00;Sub;25.10.;NEM4;Chemie Leipzig;Hertha Berlin II;500;2.2;3.3;3.05;1.95;1.24;1.77;1.65;4.1;1.95
12:00;Sub;25.10.;NEM4;Chemnitzer;Hertha Zelendorf;501;1.57;4.1;4.85;2.15;1.18;1.62;1.7;4.05;1.95
12:00;Sub;25.10.;NEM4;Greifswald;Jena;501;3.5;3.6;1.9;1.92;1.25;1.78;1.7;4.2;2.05
12:00;Sub;25.10.;NEM4;B. Monchengladbach II;Wuppertaler;501;1.98;3.55;3.35;2.15;1.18;1.62;1.55;3.75;1.82
12:00;Sub;25.10.;NEM4;Bocholt;Bochum II;501;1.63;4.1;4.4;2.22;1.17;1.58;1.65;3.85;1.9
12:00;Sub;25.10.;NEM4;Bonner;Wiedenbruck;500;2.28;3.55;2.75;2.1;1.2;1.65;1.55;3.75;1.85
12:00;Sub;25.10.;NEM4;Dusseldorf II;Paderborn II;502;2.35;3.7;2.55;2.2;1.17;1.6;1.53;3.6;1.78
12:00;Sub;25.10.;NEM4;Fortuna Koln;Koln II;501;1.85;3.65;3.65;2.13;1.19;1.63;1.6;3.8;1.85
12:00;Sub;25.10.;NEM4;Oberhausen;Lotte;501;2.1;3.55;3.05;2.15;1.18;1.62;1.55;3.7;1.8
12:00;Sub;25.10.;NEM4;SSVg Velbert;Schalke II;501;5.35;4.35;1.5;2.45;1.13;1.48;1.6;3.7;1.8
12:00;Sub;25.10.;NOR2;Skeid;Raufoss;530;3.6;3.65;1.87;2.2;1.18;1.6;1.55;3.7;1.82
12:00;Sub;25.10.;POL3;GKS Jastrzebie;Podbeskidzie;500;4.8;3.95;1.6;2.05;1.21;1.68;1.73;4.2;2.03
12:00;Sub;25.10.;ŠPA2;Leonesa;Ceuta;2988;2.5;3.15;2.9;1.55;1.45;2.43;2.0;5.5;2.75
12:00;Sub;25.10.;ŠPA3;Algeciras;Alcorcon;501;2.37;2.9;3.15;1.53;1.45;2.33;1.95;5.5;2.55
12:00;Sub;25.10.;SRB2;Dinamo Jug;Vozdovac;490;3.15;3.05;2.28;1.55;1.43;2.27;1.95;5.35;2.5
12:00;Sub;25.10.;SRB2;FAP;Zemun;490;2.35;3.1;3.0;1.55;1.43;2.3;1.98;5.35;2.55
12:00;Sub;25.10.;SRB2;Smederevo;Vrsac;489;2.18;3.0;3.4;1.5;1.47;2.4;2.05;5.7;2.65
12:00;Sub;25.10.;ŠVA3;Young Boys II;Lausanne II;503;2.4;3.65;2.4;2.75;1.1;1.4;1.37;3.05;1.55
12:00;Sub;25.10.;ŠVE3;Ljungskile;Rosengard;501;1.45;4.3;6.1;2.42;1.14;1.5;1.63;3.8;1.85
12:00;Sub;25.10.;TAJ1;Prachuap;Nakhon Ratchasima FC;501;1.75;3.65;4.25;1.87;1.26;1.83;1.8;4.5;2.15
12:00;Sub;25.10.;TAJ2;Chiangmai Utd;Nakhon Si;489;2.18;3.3;2.85;2.02;1.22;1.7;1.6;3.9;1.9
12:00;Sub;25.10.;TUR3;Altinordu;Karacabey;501;3.3;3.1;2.07;1.7;1.34;2.02;1.82;4.8;2.25
12:00;Sub;25.10.;TUR3;Inegolspor;Kepez;499;1.5;3.95;5.45;2.07;1.2;1.67;1.78;4.35;2.07
12:00;Sub;25.10.;TUR3;Aliaga;Yeni Mersin Idmanyurdu;493;1.1;7.0;16.8;2.8;1.09;1.38;2.6;6.15;2.75
12:30;Sub;25.10.;AUT2;Austria Salzburg;Austria Vienna (Am);530;2.1;3.45;3.1;2.0;1.22;1.72;1.62;3.95;1.92
12:30;Sub;25.10.;AUT3;Dornbirn;Seekirchen;502;2.28;3.55;2.55;2.55;1.12;1.45;1.42;3.2;1.62
12:30;Sub;25.10.;AUT3;Wals-Grunau;Johann;501;1.62;4.05;4.1;2.45;1.13;1.5;1.55;3.55;1.75
12:30;Sub;25.10.;BUG1;Slavia Sofia;Cherno More;530;3.05;3.15;2.28;1.7;1.35;2.05;1.82;4.8;2.27
12:30;Sub;25.10.;ČEŠ2;Kromeriz;Jihlava;500;2.35;3.4;2.75;1.85;1.27;1.85;1.7;4.25;2.05
12:30;Sub;25.10.;ČEŠ2;Pribram;Chrudim;500;2.28;3.5;2.75;1.85;1.27;1.85;1.7;4.25;2.07
12:30;Sub;25.10.;ČEŠ2;Taborsko;Slavia Prague B;501;1.75;3.5;4.4;1.93;1.24;1.77;1.72;4.35;2.05
12:30;Sub;25.10.;ČEŠ3;Blansko;Sigma Olomouc B;499;8.9;5.75;1.22;3.1;1.07;1.32;1.73;3.85;1.85
12:30;Sub;25.10.;ČEŠ3;Hlubina;Polanka nad Odrou;501;1.8;3.65;3.6;2.35;1.15;1.52;1.5;3.5;1.73
12:30;Sub;25.10.;ČEŠ3;Hodonin;Frydek Mistek;501;1.77;3.9;3.5;2.5;1.13;1.47;1.5;3.4;1.7
12:30;Sub;25.10.;ČEŠ3;Start Brno;Vrchovina;501;1.93;3.7;3.1;2.43;1.13;1.5;1.47;3.4;1.7
12:30;Sub;25.10.;HOL3;Excelsior Maassluis;HHC Hardenberg;501;3.85;3.6;1.75;2.05;1.21;1.7;1.65;4.05;1.95
12:30;Sub;25.10.;HOL3;GVVV;ACV Assen;501;1.53;4.0;4.9;2.3;1.16;1.55;1.63;3.85;1.87
12:30;Sub;25.10.;HOL3;HFC;Jong Almere City;502;2.33;3.5;2.55;2.3;1.15;1.55;1.48;3.45;1.7
12:30;Sub;25.10.;HOL3;Hoek;IJsselmeervogels;501;1.65;3.8;4.05;2.5;1.13;1.47;1.5;3.45;1.7
12:30;Sub;25.10.;HOL3;RKAV Volendam;Quick Boys;502;5.6;4.35;1.42;2.75;1.1;1.4;1.55;3.45;1.7
12:30;Sub;25.10.;ITA3;Union Brescia;AlbinoLeffe;500;1.35;4.1;9.5;1.77;1.31;1.95;2.25;6.0;2.65
12:30;Sub;25.10.;ITA3;Guidonia;Torres;501;2.37;2.95;3.05;1.55;1.43;2.3;1.95;5.35;2.5
12:30;Sub;25.10.;ITA3;Juventus U23;Pontedera;501;1.78;3.4;4.35;1.7;1.34;2.02;1.9;5.05;2.37
12:30;Sub;25.10.;ITA3;Ternana;Arezzo;501;2.7;2.9;2.65;1.47;1.5;2.48;2.05;5.8;2.75
12:30;Sub;25.10.;ITA3;Atalanta U23;Picerno;500;1.58;3.85;5.15;2.07;1.2;1.67;1.7;4.2;2.0
12:30;Sub;25.10.;ITA3;Cavese;Crotone;501;3.2;3.35;2.1;1.77;1.31;1.95;1.78;4.55;2.2
12:30;Sub;25.10.;ITAP2;Cittadella U19;Sudtirol U19;499;2.3;3.5;2.55;2.0;1.22;1.72;1.62;3.95;1.93
12:30;Sub;25.10.;ITAP2;Padova U19;Venezia U19;501;2.7;3.6;2.17;2.18;1.18;1.6;1.55;3.65;1.8
12:30;Sub;25.10.;ITAP2;Bari U19;Ascoli U19;501;2.85;3.65;2.05;2.2;1.17;1.6;1.55;3.6;1.8
12:30;Sub;25.10.;ITAP2;Spezia U19;Empoli U19;490;3.0;3.7;1.98;2.35;1.15;1.52;1.5;3.45;1.72
12:30;Sub;25.10.;ITAP2;Lecco U19;Modena U19;490;2.25;3.55;2.6;2.25;1.17;1.57;1.5;3.55;1.75
12:30;Sub;25.10.;ITAP2;Vicenza U19;Pro Vercelli U19;490;1.65;3.95;4.05;2.35;1.15;1.52;1.57;3.65;1.8
12:30;Sub;25.10.;MAĐ1;Puskas Academy;MTK Budapest;530;1.75;3.95;3.85;2.33;1.15;1.53;1.55;3.6;1.77
12:30;Sub;25.10.;POL3;Bielsko-Biala;Ol. Grudziadz;499;2.45;3.5;2.55;2.05;1.21;1.68;1.58;3.85;1.87
12:30;Sub;25.10.;TAJ2;Trat FC;Nakhon Pathom;500;2.25;3.3;2.8;1.97;1.23;1.75;1.62;4.0;1.93
12:30;Sub;25.10.;UKR1;Karpaty Lviv;Rukh Lviv;501;1.65;3.35;5.4;1.6;1.4;2.17;2.08;5.7;2.6
12:45;Sub;25.10.;POL1;Arka Gdynia;Piast Gliwice;909;2.65;3.2;2.7;1.7;1.37;2.17;1.85;4.9;2.4
12:55;Sub;25.10.;OMNK;Nizwa;Dhofar;491;4.95;4.0;1.52;2.05;1.21;1.68;1.78;4.35;2.08
12:55;Sub;25.10.;UAEK;Al Bataeh;Shabab Al-Ahli Dubai;502;6.3;4.3;1.4;2.05;1.21;1.67;1.92;4.7;2.3
12:55;Sub;25.10.;UAEK;Khorfakkan;Ittihad Kalba;504;2.7;3.45;2.22;1.97;1.23;1.75;1.65;4.0;2.02
13:00;Sub;25.10.;SRB1;IMT Novi Beograd;OFK Beograd;2969;2.28;3.7;2.85;2.25;1.16;1.57;1.5;3.55;1.8
13:00;Sub;25.10.;SRB1;Radnicki 1923;TSC;3014;1.75;3.7;4.4;2.0;1.22;1.72;1.68;4.15;2.05
13:00;Sub;25.10.;ITA1;Parma;Como;3298;4.2;3.35;2.0;1.75;1.38;2.1;1.9;5.25;2.45
13:00;Sub;25.10.;ITA1;Udinese;Lecce;3555;1.95;3.35;4.4;1.63;1.45;2.3;2.05;5.85;2.75
13:00;Sub;25.10.;AFCCL;Al Seeb;Bashundhara Kings;496;1.85;3.0;4.85;1.4;1.6;2.75;2.4;7.0;3.4
13:00;Sub;25.10.;AUT3;Dietach;Wolfsberger AC (Am);490;3.2;3.75;1.9;2.3;1.16;1.55;1.53;3.55;1.75
13:00;Sub;25.10.;BLR1;Slavia Mozyr;Neman;501;2.22;3.1;3.2;1.65;1.37;2.12;1.87;5.0;2.35
13:00;Sub;25.10.;BUG2;Belasitsa;Marek;500;3.65;2.85;2.15;1.5;1.47;2.4;2.0;5.7;2.6
13:00;Sub;25.10.;BUG2;Chernomorets 1919;Hebar;501;1.75;3.45;4.45;1.67;1.35;2.07;1.97;5.2;2.45
13:00;Sub;25.10.;BUG2;Lok. Gorna;Minyor Pernik;501;1.7;3.4;4.95;1.72;1.33;2.0;1.9;5.1;2.35
13:00;Sub;25.10.;BUG2;Vihren;Sevlievo;500;1.48;3.95;6.45;1.85;1.27;1.85;1.98;5.1;2.35
13:00;Sub;25.10.;CAFLŠ;Orlando Pirates;St Eloi Lupopo;497;1.16;6.25;16.2;2.4;1.14;1.5;2.35;5.7;2.65
13:00;Sub;25.10.;ČEŠ1;Dukla Prague;Slovacko;3119;2.28;3.2;3.2;1.6;1.4;2.2;1.92;5.2;2.55
13:00;Sub;25.10.;ČEŠ1;Hradec Kralove;Teplice;2928;1.85;3.4;4.45;1.75;1.31;1.95;1.82;4.8;2.3
13:00;Sub;25.10.;ČEŠ1;Mlada Boleslav;Karvina;2910;2.08;3.8;3.15;2.33;1.15;1.55;1.5;3.5;1.77
13:00;Sub;25.10.;ČEŠ1;Zlin;Pardubice;2959;2.12;3.3;3.45;1.77;1.31;1.95;1.75;4.6;2.25
13:00;Sub;25.10.;DAN4;Nykobing;Naesby;501;1.67;3.85;3.95;2.15;1.18;1.62;1.65;3.9;1.9
13:00;Sub;25.10.;ENG21;Chelsea U21;Arsenal U21;502;1.75;4.1;3.4;2.85;1.09;1.37;1.4;3.05;1.55
13:00;Sub;25.10.;ETI1;Sidama Bunna;Hawassa;;2.3;2.6;3.45;1.38;1.6;2.8;2.18;;
13:00;Sub;25.10.;HOL3;Jong Sparta Rotterdam;Kozakken Boys;503;2.1;3.85;2.65;2.95;1.08;1.35;1.35;2.9;1.5
13:00;Sub;25.10.;HOL3;Spakenburg;AFC;501;1.93;3.65;3.15;2.25;1.17;1.57;1.55;3.6;1.78
13:00;Sub;25.10.;HRV2;Jarun;Karlovac;500;3.6;2.9;2.15;1.53;1.45;2.33;1.97;5.55;2.55
13:00;Sub;25.10.;ITA2;Avellino;Spezia;1347;2.85;3.0;2.65;1.55;1.45;2.45;1.98;5.5;2.7
13:00;Sub;25.10.;ITA2;Monza;Reggiana;1280;1.57;3.95;5.8;1.85;1.29;1.95;1.95;5.05;2.45
13:00;Sub;25.10.;ITA2;Sampdoria;Frosinone;1247;2.35;3.0;3.3;1.62;1.4;2.3;1.9;5.25;2.5
13:00;Sub;25.10.;ITA2;Sudtirol;Cesena;1297;2.85;3.05;2.6;1.65;1.4;2.25;1.85;5.05;2.45
13:00;Sub;25.10.;ITA2;Virtus Entella;Pescara;1251;1.8;3.5;4.6;1.6;1.4;2.3;2.1;5.7;2.8
13:00;Sub;25.10.;ITAPV;Roma U20;Torino U20;500;1.45;4.5;5.95;2.43;1.13;1.5;1.65;3.85;1.87
13:00;Sub;25.10.;JER1;Pyunik Yerevan;Gandzasar;498;1.22;5.8;11.0;2.5;1.13;1.47;2.03;4.8;2.23
13:00;Sub;25.10.;JAFLK;Richards Bay;Durban City;503;2.43;3.25;2.75;1.68;1.35;2.05;1.85;4.8;2.3
13:00;Sub;25.10.;KEN1;Leopards;KCB;;2.05;3.0;3.5;1.45;1.55;2.6;2.23;;
13:00;Sub;25.10.;LET1;FK Liepaja;Jelgava;501;1.9;3.5;3.7;1.98;1.23;1.73;1.65;4.1;1.97
13:00;Sub;25.10.;MLZ1;Negeri Sembilan;PDRM FC;490;1.75;3.95;3.8;2.3;1.15;1.55;1.55;3.6;1.78
13:00;Sub;25.10.;POR2;Pacos Ferreira;Portimonense;501;2.55;3.15;2.7;1.73;1.32;1.98;1.75;4.6;2.2
13:00;Sub;25.10.;PRIW;Wales Wom.;Australia Wom.;501;3.2;3.5;2.05;2.12;1.19;1.65;1.55;3.75;1.83
13:00;Sub;25.10.;RUM1;Otelul;U. Cluj;530;2.65;2.85;2.9;1.53;1.45;2.35;1.95;5.5;2.6
13:00;Sub;25.10.;SLO1;Radomlje;Koper;530;4.0;3.7;1.77;1.97;1.23;1.75;1.7;4.2;2.03
13:00;Sub;25.10.;SLO2;Ilirija;Nd Dravinja;500;2.27;3.35;2.85;1.9;1.25;1.8;1.65;4.15;2.0
13:00;Sub;25.10.;SLO2;Jadran Dekani;Triglav;499;7.6;4.8;1.34;2.25;1.17;1.58;1.88;4.5;2.13
13:00;Sub;25.10.;SLO2;NK Bistrica;Beltinci;500;2.55;3.45;2.47;2.1;1.2;1.65;1.55;3.75;1.85
13:00;Sub;25.10.;SLO2;NK Jesenice;Slovan Ljubljana;501;3.8;3.65;1.83;2.12;1.19;1.65;1.6;3.85;1.87
13:00;Sub;25.10.;ŠVA3;Paradiso;Kreuzlingen;491;1.73;3.85;3.7;2.65;1.11;1.42;1.45;3.25;1.62
13:00;Sub;25.10.;ŠVE1;Djurgarden;Varnamo;3023;1.28;5.85;9.2;3.0;1.08;1.4;1.7;3.8;1.9
13:00;Sub;25.10.;ŠVE2;Brage;Helsingborg;529;2.4;3.45;2.65;2.07;1.2;1.67;1.57;3.8;1.85
13:00;Sub;25.10.;ŠVE2;Oddevold;Ostersund;530;2.0;3.35;3.45;1.95;1.24;1.75;1.65;4.1;1.97
13:00;Sub;25.10.;ŠVE2;Sandvikens IF;Utsikten;530;1.93;3.6;3.45;2.05;1.21;1.7;1.62;3.95;1.92
13:00;Sub;25.10.;ŠVE2;Sundsvall;Kalmar;527;5.7;4.1;1.5;2.0;1.22;1.72;1.85;4.55;2.15
13:00;Sub;25.10.;TUR2;Pendikspor;Serik Belediyespor;500;1.55;4.1;5.2;2.12;1.19;1.65;1.73;4.15;2.0
13:00;Sub;25.10.;VELS1;Connahs Q.;Haverfordwest;499;1.47;4.25;5.9;2.05;1.21;1.7;1.85;4.55;2.17
13:00;Sub;25.10.;ZAM1;Nkwazi;Red Arrows;485;3.2;2.65;2.35;1.35;1.65;2.9;2.27;6.8;3.15
13:15;Sub;25.10.;LIB1;Jwaaya FC;AL Mabarrah;489;1.42;3.8;7.0;1.7;1.35;2.05;2.28;6.1;2.8
13:15;Sub;25.10.;TAN;Fountain Gate FC;Kinondoni MC;;2.3;2.9;3.05;1.55;1.45;2.3;1.95;;
13:30;Sub;25.10.;NEM1;Augsburg;RB Leipzig;3256;3.25;4.05;2.05;2.85;1.14;1.43;1.43;3.25;1.65
13:30;Sub;25.10.;NEM1;B. Monchengladbach;Bayern Munich;3416;10.7;7.2;1.24;3.9;1.07;1.27;1.63;3.55;1.77
13:30;Sub;25.10.;NEM1;Eintracht Frankfurt;St. Pauli;3337;1.73;4.2;4.45;2.38;1.2;1.6;1.6;3.9;1.9
13:30;Sub;25.10.;NEM1;Hamburger SV;Wolfsburg;3282;2.35;3.65;2.9;2.27;1.22;1.65;1.55;3.85;1.87
13:30;Sub;25.10.;NEM1;Hoffenheim;Heidenheim;3329;1.62;4.5;4.95;2.55;1.17;1.52;1.6;3.8;1.85
13:30;Sub;25.10.;AUT3;Wiener Viktoria;TWL Elektra;500;1.38;4.65;5.95;2.55;1.12;1.45;1.65;3.8;1.85
13:30;Sub;25.10.;CAFKK;USM Alger;Academie de FAD;497;1.28;4.6;11.4;1.67;1.35;2.07;2.9;7.9;3.55
13:30;Sub;25.10.;FRO1;07 Vestur Sorvagur;Streymur;502;1.5;4.55;5.0;2.6;1.11;1.45;1.57;3.55;1.75
13:30;Sub;25.10.;FRO1;B36 Torshavn;FC Suduroy;499;1.2;6.5;10.5;3.35;1.05;1.27;1.72;3.75;1.83
13:30;Sub;25.10.;FRO1;NSI Runavik;Klaksvik;501;2.95;3.6;2.12;2.2;1.17;1.6;1.53;3.6;1.78
13:30;Sub;25.10.;FRO1;Vikingur;HB Torshavn;502;2.6;3.65;2.35;2.25;1.17;1.57;1.5;3.55;1.75
13:30;Sub;25.10.;FRO1;TB Tvoroyri;Toftir;502;4.15;4.25;1.65;2.75;1.09;1.4;1.45;3.2;1.62
13:30;Sub;25.10.;HOL3;Katwijk;Barendrecht;502;1.8;3.95;3.35;2.6;1.11;1.43;1.45;3.25;1.65
13:30;Sub;25.10.;JAF2;Cape Town City;The Bees FC;501;1.82;3.2;4.05;1.7;1.34;2.0;1.87;4.95;2.3
13:30;Sub;25.10.;JAF2;Pretoria U.;Upington City;495;2.17;2.7;3.55;1.32;1.7;3.1;2.45;7.3;3.45
13:30;Sub;25.10.;JAF2;Hungry Lions;Baroka;490;2.5;2.9;2.75;1.48;1.5;2.47;2.05;5.75;2.75
13:30;Sub;25.10.;RUS1;Rostov;Dynamo Makhachkala;526;1.8;3.35;4.75;1.52;1.45;2.38;2.2;6.05;3.0
13:30;Sub;25.10.;SVK1;Michalovce;Dun. Streda;530;4.0;3.7;1.77;2.05;1.21;1.7;1.65;4.05;1.95
13:30;Sub;25.10.;SVK1;Trencin;Komarno;529;2.28;3.35;2.9;1.95;1.24;1.75;1.63;4.05;1.95
13:30;Sub;25.10.;SVK1;Zilina;Skalica;528;1.6;3.95;4.8;2.05;1.21;1.68;1.73;4.2;2.03
13:30;Sub;25.10.;ŠVA3;Basel II;Cham;492;2.0;3.85;2.85;2.6;1.11;1.43;1.42;3.2;1.6
13:30;Sub;25.10.;TUN1;Metlaoui;Gabes;497;1.62;3.4;5.75;1.45;1.52;2.55;2.55;7.1;3.35
13:30;Sub;25.10.;TUN1;JS Kairouan;Club Africain;482;11.3;3.2;1.45;1.4;1.58;2.7;2.8;8.7;3.5
13:30;Sub;25.10.;TUN2;Hamam-Sousse;BS Bouhajla;;2.33;2.7;3.2;1.43;1.55;2.6;2.1;;
13:30;Sub;25.10.;TUN2;OC Kerkennah;AS Agareb;;2.12;3.05;3.25;1.55;1.45;2.3;2.02;;
13:30;Sub;25.10.;TUN2;US Tataouine;Megrine;;1.87;3.1;4.0;1.55;1.45;2.3;2.08;;
13:30;Sub;25.10.;VELS1;Bala;Barry;501;2.95;3.55;2.15;2.05;1.21;1.68;1.6;3.85;1.88
13:30;Sub;25.10.;VELS1;Briton Ferry;Colwyn Bay;501;3.85;3.65;1.8;2.2;1.18;1.6;1.57;3.75;1.82
13:30;Sub;25.10.;VELS1;Penybont;Caernarfon;501;1.88;3.65;3.6;2.18;1.18;1.6;1.55;3.75;1.82
13:30;Sub;25.10.;VELS2;Cardiff Draconians;Trethomas Bluebirds;501;2.2;3.05;3.1;1.7;1.33;2.0;1.78;4.7;2.2
13:30;Sub;25.10.;VELS2;Llantwit Major;Ynyshir Albions;490;1.6;3.85;4.5;2.07;1.2;1.67;1.72;4.15;2.0
13:30;Sub;25.10.;VELS2;Aberystwyth;Newport City;490;3.25;3.4;1.97;2.02;1.22;1.7;1.62;3.95;1.92
13:30;Sub;25.10.;VELS2;Brickfield;Gresford;503;2.12;3.95;2.6;2.9;1.08;1.35;1.35;2.95;1.5
13:30;Sub;25.10.;VELS2;Caersws;Guilsfield;501;3.7;3.9;1.72;2.48;1.13;1.47;1.5;3.4;1.7
13:30;Sub;25.10.;VELS2;Mold Alexandra;Holywell;501;4.55;4.25;1.53;2.55;1.12;1.45;1.55;3.5;1.75
13:30;Sub;25.10.;VELS2;Newtown;Holyhead;500;1.27;5.3;7.5;3.05;1.07;1.33;1.65;3.6;1.77
13:30;Sub;25.10.;VELS2;Penrhyncoch;Flint Mountain;492;2.25;3.8;2.47;2.6;1.11;1.43;1.4;3.15;1.6
13:45;Sub;25.10.;HRV1;Lokomotiva Zagreb;Istra 1961;530;2.4;3.35;2.9;1.7;1.34;2.05;1.83;4.75;2.37
13:45;Sub;25.10.;MLT1;Valletta;Hibernians;500;1.6;3.7;5.35;1.8;1.29;1.88;1.9;4.9;2.3
14:00;Sub;25.10.;ENG1;Chelsea;Sunderland;3956;1.45;4.55;7.6;2.1;1.26;1.75;1.93;5.0;2.35
14:00;Sub;25.10.;ENG1;Newcastle;Fulham;3728;1.63;4.0;5.65;1.9;1.31;1.9;1.95;5.15;2.43
14:00;Sub;25.10.;BEL1;Westerlo;Dender;2927;1.75;3.9;4.25;2.3;1.17;1.62;1.58;3.75;1.9
14:00;Sub;25.10.;TUR1;Kocaelispor;Alanyaspor;2688;2.4;3.4;2.85;1.78;1.32;2.03;1.8;4.6;2.3
14:00;Sub;25.10.;BIH1;Rudar Prijedor;Zeljeznicar;500;4.35;3.4;1.78;1.67;1.35;2.07;1.95;5.15;2.43
14:00;Sub;25.10.;AFCCL;Regar-TadAZ;Muras United;496;3.8;3.0;2.05;1.42;1.55;2.65;2.27;6.45;3.05
14:00;Sub;25.10.;ALŽ1;El Bayadh;Oran;496;2.55;2.55;3.3;1.35;1.65;2.9;2.2;6.75;3.0
14:00;Sub;25.10.;ALŽ2;Annaba;MSP Batna;;1.45;3.75;6.65;1.75;1.32;1.98;2.13;;
14:00;Sub;25.10.;ALŽ2;Arba;RC Kouba;;4.6;3.4;1.67;1.6;1.4;2.2;2.15;;
14:00;Sub;25.10.;ALŽ2;Bechar Djedid;GC Mascara;;1.45;3.65;6.85;1.6;1.4;2.17;2.35;;
14:00;Sub;25.10.;ALŽ2;Beni Oulbane;Biskra;;2.35;2.95;2.9;1.53;1.45;2.33;2.0;;
14:00;Sub;25.10.;ALŽ2;Bordj Menail;Khemis El Khechna;;1.31;4.25;9.2;1.7;1.35;2.05;2.65;;
14:00;Sub;25.10.;ALŽ2;El Biar;Tixeraine;;1.32;4.1;9.2;1.7;1.35;2.05;2.6;;
14:00;Sub;25.10.;ALŽ2;Hussein Dey;USM EL Harrach;;1.73;3.3;4.35;1.55;1.43;2.27;2.15;;
14:00;Sub;25.10.;ALŽ2;JSM Tiaret;ASM Oran;;1.8;3.2;4.1;1.58;1.4;2.23;2.05;;
14:00;Sub;25.10.;ALŽ2;MO Bejaia;Djijel;;1.67;3.35;4.75;1.62;1.4;2.15;2.08;;
14:00;Sub;25.10.;ALŽ2;Magra;CR Beni Thour;;1.42;3.9;6.65;1.72;1.33;2.0;2.25;;
14:00;Sub;25.10.;ALŽ2;Telaghema;US Chaouia;;1.6;3.55;5.05;1.75;1.31;1.95;1.95;;
14:00;Sub;25.10.;ALŽ2;Temouchent;Adrar;;1.31;4.25;9.2;1.7;1.35;2.05;2.65;;
14:00;Sub;25.10.;ALŽ2;Tlemcen;MC Saida;;1.9;3.0;4.05;1.43;1.55;2.6;2.28;;
14:00;Sub;25.10.;AUT3;Lauterach;Schwaz;502;4.3;4.0;1.6;2.6;1.11;1.45;1.5;3.4;1.7
14:00;Sub;25.10.;BEL2;Club Brugge U23;OC Charleroi;501;1.73;3.8;4.1;2.3;1.16;1.55;1.55;3.65;1.78
14:00;Sub;25.10.;BOC1;BDF XI;Orapa United;;2.75;2.9;2.5;1.4;1.57;2.7;2.22;;
14:00;Sub;25.10.;CAFLŠ;Young Africans;Silver Strikers;497;1.26;4.8;11.4;1.85;1.27;1.85;2.5;6.55;3.1
14:00;Sub;25.10.;EGI1;Haras El Hodood;Ghazl El Mahallah;496;3.3;2.6;2.5;1.34;1.67;3.0;2.28;6.95;3.15
14:00;Sub;25.10.;ENG2;Blackburn;Southampton;3254;2.8;3.45;2.4;1.85;1.3;1.97;1.75;4.45;2.22
14:00;Sub;25.10.;ENG2;Bristol City;Birmingham;2858;2.2;3.2;3.4;1.7;1.35;2.13;1.83;4.9;2.38
14:00;Sub;25.10.;ENG2;Derby;QPR;3221;2.6;3.15;2.75;1.77;1.32;2.05;1.75;4.6;2.25
14:00;Sub;25.10.;ENG2;Hull;Charlton;2953;2.5;3.4;2.7;1.8;1.32;2.02;1.78;4.55;2.28
14:00;Sub;25.10.;ENG2;Middlesbrough;Wrexham;3073;1.75;3.65;4.65;1.85;1.3;1.97;1.85;4.8;2.35
14:00;Sub;25.10.;ENG2;Millwall;Leicester;3019;2.55;3.15;2.8;1.7;1.35;2.15;1.82;4.85;2.37
14:00;Sub;25.10.;ENG2;Sheffield Wed;Oxford Utd;3087;2.75;3.25;2.55;1.78;1.32;2.03;1.75;4.6;2.25
14:00;Sub;25.10.;ENG2;Swansea;Norwich;3030;2.22;3.35;3.2;1.87;1.28;1.93;1.7;4.4;2.15
14:00;Sub;25.10.;ENG3;AFC Wimbledon;Burton;527;1.93;3.0;4.25;1.55;1.45;2.3;2.0;5.65;2.6
14:00;Sub;25.10.;ENG3;Barnsley;Rotherham;530;1.85;3.7;3.6;2.13;1.19;1.63;1.6;3.8;1.87
14:00;Sub;25.10.;ENG3;Leyton Orient;Lincoln;529;2.55;3.15;2.65;1.8;1.29;1.9;1.7;4.4;2.08
14:00;Sub;25.10.;ENG3;Northampton;Luton;527;3.9;3.25;1.92;1.6;1.4;2.2;2.0;5.35;2.55
14:00;Sub;25.10.;ENG3;Peterborough;Blackpool;529;2.27;3.35;2.85;1.9;1.25;1.8;1.65;4.15;2.0
14:00;Sub;25.10.;ENG3;Reading;Doncaster;529;2.22;3.3;3.0;1.9;1.26;1.8;1.67;4.2;2.0
14:00;Sub;25.10.;ENG3;Stevenage;Bradford City;530;2.42;3.25;2.75;1.7;1.35;2.05;1.83;4.75;2.3
14:00;Sub;25.10.;ENG3;Wycombe;Huddersfield;530;2.1;3.45;3.1;1.83;1.28;1.87;1.75;4.4;2.12
14:00;Sub;25.10.;ENG4;Barrow;Barnet;531;3.35;3.4;2.03;1.77;1.31;1.95;1.8;4.6;2.2
14:00;Sub;25.10.;ENG4;Bromley;MK Dons;529;2.7;3.15;2.5;1.8;1.29;1.9;1.7;4.4;2.08
14:00;Sub;25.10.;ENG4;Crawley;Bristol Rovers;529;2.35;3.3;2.8;1.9;1.25;1.8;1.65;4.1;1.98
14:00;Sub;25.10.;ENG4;Crewe;Grimsby;529;2.6;3.4;2.47;1.85;1.27;1.85;1.7;4.25;2.05
14:00;Sub;25.10.;ENG4;Gillingham;Salford;530;2.5;3.35;2.55;1.77;1.3;1.93;1.75;4.45;2.15
14:00;Sub;25.10.;ENG4;Harrogate Town;Newport;531;1.98;3.25;3.7;1.78;1.3;1.92;1.75;4.6;2.15
14:00;Sub;25.10.;ENG4;Notts County;Cambridge Utd;530;2.35;3.2;2.9;1.6;1.4;2.2;1.95;5.2;2.5
14:00;Sub;25.10.;ENG4;Oldham;Shrewsbury;529;1.93;3.3;3.75;1.7;1.34;2.03;1.87;4.9;2.33
14:00;Sub;25.10.;ENG4;Swindon Town;Colchester;530;2.1;3.55;3.05;2.07;1.2;1.67;1.6;3.85;1.87
14:00;Sub;25.10.;ENG4;Tranmere;Chesterfield;529;2.7;3.25;2.43;1.9;1.26;1.8;1.65;4.15;2.0
14:00;Sub;25.10.;ENG5;Braintree;Altrincham;529;2.65;3.5;2.38;2.05;1.21;1.7;1.6;3.85;1.9
14:00;Sub;25.10.;ENG5;Eastleigh;Morecambe;530;1.9;3.7;3.45;2.25;1.17;1.58;1.55;3.65;1.8
14:00;Sub;25.10.;ENG5;Forest Green;Boreham Wood;529;2.1;3.45;3.1;1.82;1.28;1.88;1.75;4.4;2.13
14:00;Sub;25.10.;ENG5;Gateshead;Truro City;530;2.2;3.45;2.95;2.05;1.21;1.7;1.6;3.9;1.9
14:00;Sub;25.10.;ENG5;Hartlepool;Solihull Moors;530;1.7;3.85;4.15;2.13;1.19;1.63;1.65;3.95;1.9
14:00;Sub;25.10.;ENG5;Scunthorpe United;Aldershot;530;1.67;3.9;4.35;2.42;1.14;1.5;1.53;3.55;1.75
14:00;Sub;25.10.;ENG5;Southend;Brackley Town;528;1.67;3.6;4.8;1.72;1.33;2.0;1.97;5.15;2.42
14:00;Sub;25.10.;ENG5;Wealdstone;Sutton;530;2.1;3.65;2.95;2.05;1.21;1.68;1.6;3.85;1.9
14:00;Sub;25.10.;ENG5;Woking;Rochdale;530;3.8;3.6;1.85;1.93;1.24;1.77;1.7;4.25;2.05
14:00;Sub;25.10.;ENG5;Yeovil;Carlisle;531;3.65;3.35;1.95;1.83;1.28;1.87;1.75;4.45;2.1
14:00;Sub;25.10.;ENG6;AFC Totton;Chelmsford City;501;2.15;3.3;3.15;1.87;1.26;1.83;1.68;4.25;2.03
14:00;Sub;25.10.;ENG6;Chippenham Town;Dag & Red;502;3.4;3.35;2.03;1.77;1.31;1.95;1.8;4.6;2.2
14:00;Sub;25.10.;ENG6;Dorking;Torquay;500;2.15;3.5;3.0;1.92;1.25;1.78;1.67;4.15;2.0
14:00;Sub;25.10.;ENG6;Eastbourne Boro;Chesham;501;2.27;3.1;3.1;1.7;1.34;2.03;1.8;4.75;2.25
14:00;Sub;25.10.;ENG6;Ebbsfleet;Salisbury;501;1.72;3.7;4.25;1.82;1.28;1.88;1.85;4.65;2.25
14:00;Sub;25.10.;ENG6;Farnborough;Maidenhead;500;3.25;3.3;2.1;1.8;1.29;1.9;1.75;4.45;2.12
14:00;Sub;25.10.;ENG6;Hemel Hempstead;Bath;500;1.9;3.3;3.85;1.65;1.35;2.1;1.92;5.1;2.4
14:00;Sub;25.10.;ENG6;Hornchurch;Hampton & Richmond;500;1.47;4.25;5.9;2.2;1.18;1.6;1.75;4.2;2.0
14:00;Sub;25.10.;ENG6;Horsham;Enfield Town;500;1.6;4.0;4.9;2.05;1.21;1.7;1.75;4.25;2.05
14:00;Sub;25.10.;ENG6;Slough;Maidstone;501;4.15;3.85;1.7;2.05;1.21;1.68;1.7;4.1;1.98
14:00;Sub;25.10.;ENG6;Tonbridge Angels;Weston Super Mare;502;4.05;3.65;1.77;1.87;1.26;1.83;1.78;4.45;2.15
14:00;Sub;25.10.;ENG6;Worthing;Dover;501;1.47;4.3;5.75;2.35;1.15;1.52;1.65;3.85;1.87
14:00;Sub;25.10.;ENG6;AFC Fylde;Hereford;501;1.55;4.05;5.15;2.3;1.15;1.55;1.6;3.8;1.85
14:00;Sub;25.10.;ENG6;AFC Telford;Worksop;501;1.85;3.6;3.75;2.13;1.19;1.63;1.58;3.8;1.85
14:00;Sub;25.10.;ENG6;Buxton;Alfreton;500;1.65;3.9;4.6;1.95;1.23;1.75;1.78;4.4;2.1
14:00;Sub;25.10.;ENG6;Chester;Bedford;500;1.55;4.1;5.1;2.07;1.2;1.67;1.75;4.25;2.05
14:00;Sub;25.10.;ENG6;Chorley;Merthyr Town;502;1.4;4.65;6.45;2.75;1.1;1.4;1.57;3.55;1.73
14:00;Sub;25.10.;ENG6;Curzon Ashton;Peterborough Sports;501;1.85;3.55;3.8;1.92;1.25;1.78;1.7;4.25;2.05
14:00;Sub;25.10.;ENG6;Darlington;Southport;500;2.2;3.45;2.95;1.83;1.28;1.87;1.73;4.35;2.1
14:00;Sub;25.10.;ENG6;Kidderminster;Spennymoor;501;2.05;3.45;3.25;1.95;1.24;1.77;1.65;4.1;2.0
14:00;Sub;25.10.;ENG6;King's Lynn;Radcliffe;499;2.65;3.45;2.4;1.95;1.23;1.75;1.63;4.0;1.95
14:00;Sub;25.10.;ENG6;Macclesfield;South Shields;501;2.95;3.55;2.15;2.2;1.17;1.6;1.52;3.6;1.77
14:00;Sub;25.10.;ENG6;Oxford City;Leamington;501;1.72;3.75;4.25;1.93;1.24;1.77;1.75;4.35;2.1
14:00;Sub;25.10.;ENG6;Scarborough;Marine;501;1.87;3.45;3.85;1.95;1.24;1.77;1.68;4.2;2.0
14:00;Sub;25.10.;ENG7;Cray Wanderers;Dartford;501;2.6;3.55;2.25;2.25;1.17;1.58;1.5;3.55;1.75
14:00;Sub;25.10.;ENG7;Potters Bar;Aveley;501;2.95;3.35;2.1;1.85;1.27;1.85;1.7;4.3;2.07
14:00;Sub;25.10.;ENG7;Ramsgate;Carshalton;500;2.27;3.5;2.6;2.05;1.21;1.7;1.6;3.85;1.9
14:00;Sub;25.10.;ENG7;Kettering;Needham Market;500;2.08;3.45;2.95;1.95;1.24;1.75;1.65;4.1;2.0
14:00;Sub;25.10.;ENG7;Stamford;Barwell;500;2.18;3.35;2.85;1.88;1.26;1.82;1.7;4.2;2.05
14:00;Sub;25.10.;ENG7;Evesham;Uxbridge;500;2.15;3.35;2.9;1.95;1.24;1.77;1.65;4.1;1.98
14:00;Sub;25.10.;ENG7;Hungerford;Weymouth FC;502;1.92;3.25;3.55;1.85;1.27;1.85;1.7;4.35;2.07
14:00;Sub;25.10.;ENG7;Sholing;Gosport;501;2.3;3.25;2.7;1.77;1.3;1.93;1.75;4.5;2.15
14:00;Sub;25.10.;ENG7;Tiverton;Yate Town;500;2.25;3.5;2.65;2.05;1.21;1.68;1.6;3.85;1.9
14:00;Sub;25.10.;ENG7;Cleethorpes;Warrington Rylands;500;2.25;3.3;2.8;1.8;1.29;1.9;1.75;4.4;2.13
14:00;Sub;25.10.;ENG7;Warrington Town;Lancaster;501;3.0;3.25;2.15;1.7;1.34;2.03;1.85;4.8;2.3
14:00;Sub;25.10.;ENG7;Whitby;Rushall;500;2.55;3.3;2.42;1.85;1.27;1.85;1.7;4.25;2.05
14:00;Sub;25.10.;ENGFT;Alvechurch;Worcester City;499;2.1;3.05;3.5;1.5;1.5;2.43;2.1;5.85;2.75
14:00;Sub;25.10.;ENGFT;Anstey Nomads;Stratford;501;2.0;3.75;3.15;2.15;1.18;1.62;1.57;3.75;1.85
14:00;Sub;25.10.;ENGFT;Basingstoke;Dorchester;501;2.25;3.75;2.65;2.2;1.17;1.6;1.53;3.6;1.78
14:00;Sub;25.10.;ENGFT;Billericay;Bishop´s Stortford;501;1.75;3.7;4.15;1.87;1.26;1.83;1.8;4.5;2.17
14:00;Sub;25.10.;ENGFT;Bradford PA;Morpeth;501;2.05;3.5;3.2;1.95;1.24;1.77;1.67;4.1;2.0
14:00;Sub;25.10.;ENGFT;Brentwood;Welling;501;1.75;3.9;3.85;2.35;1.15;1.52;1.53;3.55;1.75
14:00;Sub;25.10.;ENGFT;FC United;Bamber Bridge;501;1.87;3.65;3.6;2.0;1.22;1.72;1.67;4.05;1.98
14:00;Sub;25.10.;ENGFT;Hyde;Stocksbridge;501;2.1;3.75;2.9;2.45;1.13;1.5;1.45;3.35;1.67
14:00;Sub;25.10.;ENGFT;Ilkeston;St. Ives;501;2.13;3.6;2.95;2.15;1.18;1.62;1.55;3.7;1.82
14:00;Sub;25.10.;ENGFT;Leatherhead;Canvey;501;1.9;3.8;3.4;2.25;1.17;1.57;1.55;3.65;1.8
14:00;Sub;25.10.;ENGFT;Leek Town;Bromsgrove;501;1.8;4.0;3.6;2.5;1.13;1.47;1.5;3.4;1.7
14:00;Sub;25.10.;ENGFT;Plymouth Parkway;Poole;502;2.45;3.65;2.45;2.5;1.12;1.47;1.43;3.25;1.63
14:00;Sub;25.10.;ENGFT;Prescot;Guiseley;501;2.45;3.15;2.75;1.57;1.42;2.25;1.95;5.25;2.5
14:00;Sub;25.10.;ENGFT;Real Bedford;Ashford United;501;1.45;4.35;5.85;2.5;1.12;1.47;1.6;3.7;1.8
14:00;Sub;25.10.;ENGFT;St Albans City;Hanwell Town;501;2.03;3.7;3.1;2.25;1.17;1.57;1.53;3.6;1.77
14:00;Sub;25.10.;ENGFT;Stanway Rovers;Harrow Borough;503;2.05;3.75;3.0;2.65;1.11;1.42;1.4;3.15;1.6
14:00;Sub;25.10.;ENGFT;Sudbury;Leiston;502;2.5;3.75;2.4;2.35;1.15;1.52;1.48;3.4;1.7
14:00;Sub;25.10.;ENGFT;Tilbury;Hadley;501;2.05;3.75;3.0;2.5;1.12;1.47;1.45;3.3;1.65
14:00;Sub;25.10.;ENGFT;Waltham Abbey;Chatham Town;501;3.85;3.85;1.77;2.12;1.19;1.65;1.63;3.9;1.9
14:00;Sub;25.10.;ENGFT;Walton & Hersham;Hendon;502;1.33;5.3;7.0;3.0;1.07;1.34;1.6;3.5;1.75
14:00;Sub;25.10.;ENGFT;Wimborne;AFC Portchester;502;1.42;4.8;5.85;2.75;1.1;1.4;1.57;3.5;1.75
14:00;Sub;25.10.;ENGFT;Wingate & Finchley;Cheshunt;501;2.1;3.6;3.0;2.13;1.19;1.63;1.55;3.75;1.83
14:00;Sub;25.10.;ENGFT;Gloucester City;Havant & W;501;2.07;3.5;3.15;1.85;1.27;1.85;1.73;4.3;2.1
14:00;Sub;25.10.;ENGFT;Redditch;Gainsborough;501;2.55;3.3;2.6;1.7;1.35;2.05;1.85;4.75;2.3
14:00;Sub;25.10.;ENGFT;Sittingbourne;Cray Valley;501;2.9;3.7;2.13;2.35;1.15;1.52;1.48;3.4;1.7
14:00;Sub;25.10.;ENGFT;Spalding Utd;Corby;502;1.35;4.75;7.3;2.75;1.1;1.4;1.6;3.6;1.75
14:00;Sub;25.10.;ENGFT;Burgess Hill Town;Folkestone;489;2.48;3.4;2.55;1.85;1.27;1.85;1.7;4.3;2.07
14:00;Sub;25.10.;ENGFT;Clitheroe;Stockton Town;490;4.2;3.75;1.72;1.92;1.25;1.78;1.77;4.4;2.1
14:00;Sub;25.10.;ENGFT;Farnham Town;Bishops Cleeve;490;1.63;4.15;4.3;2.35;1.15;1.52;1.58;3.65;1.8
14:00;Sub;25.10.;EST1;Tammeka;Tallinna Kalev;502;1.6;4.35;4.35;3.05;1.07;1.33;1.4;3.05;1.55
14:00;Sub;25.10.;FIN1;Gnistan;Ilves;531;5.2;4.75;1.52;3.2;1.07;1.35;1.45;3.1;1.6
14:00;Sub;25.10.;GRČ1;Kifisias;Panetolikos;2680;2.0;3.2;3.95;1.67;1.35;2.07;1.85;5.0;2.4
14:00;Sub;25.10.;ISL1;Hafnarfjordur;Fram;531;1.85;3.95;3.4;2.8;1.09;1.38;1.4;3.05;1.55
14:00;Sub;25.10.;ISL1;Akranes;Afturelding;532;2.48;3.75;2.4;2.45;1.13;1.5;1.45;3.3;1.65
14:00;Sub;25.10.;ISL1;Vestri;KR Reykjavik;530;3.15;3.75;1.98;2.45;1.13;1.5;1.45;3.35;1.68
14:00;Sub;25.10.;JOR1;Al Faisaly Amman;Al Ahli Amman;487;1.3;4.85;9.0;2.0;1.22;1.72;2.18;5.45;2.55
14:00;Sub;25.10.;KIP1;Achnas;Paralimni;502;1.83;3.4;4.05;1.75;1.32;1.97;1.85;4.8;2.27
14:00;Sub;25.10.;MOL1;Dacia Buiucani;Zimbru Chisinau;488;6.5;4.1;1.4;2.2;1.17;1.6;1.75;4.25;2.0
14:00;Sub;25.10.;NEM4;Jeddeloh;Werder Bremen II;503;1.9;4.05;3.2;3.15;1.06;1.31;1.33;2.85;1.47
14:00;Sub;25.10.;NOR1;Viking;Bryne;2769;1.28;5.6;9.7;2.65;1.12;1.48;1.85;4.3;2.1
14:00;Sub;25.10.;NOR2;Asane;Start;530;4.0;3.8;1.75;2.15;1.18;1.62;1.6;3.85;1.88
14:00;Sub;25.10.;NOR2;Hodd;Stabaek;530;3.75;3.65;1.85;2.15;1.18;1.62;1.58;3.8;1.85
14:00;Sub;25.10.;NOR2;Lillestrom;Ranheim;527;1.21;6.05;10.8;3.2;1.06;1.3;1.7;3.75;1.8
14:00;Sub;25.10.;NOR2;Lyn;Kongsvinger;532;2.5;3.65;2.43;2.48;1.13;1.47;1.43;3.25;1.65
14:00;Sub;25.10.;NOR2;Mjondalen;Odd;530;2.9;3.6;2.15;2.2;1.17;1.6;1.52;3.6;1.78
14:00;Sub;25.10.;NOR2;Moss;Aalesund;530;3.8;3.95;1.75;2.3;1.15;1.55;1.55;3.6;1.78
14:00;Sub;25.10.;NOR2;Sogndal;Egersund;530;2.18;3.65;2.85;2.3;1.15;1.55;1.5;3.45;1.72
14:00;Sub;25.10.;RUS2;Chernomorets Novorossijsk;Chelyabinsk;498;2.35;2.95;3.1;1.45;1.53;2.55;2.15;6.05;2.85
14:00;Sub;25.10.;RUS2;Shinnik Yaroslavl;S. Kostroma;499;2.75;2.9;2.65;1.45;1.55;2.6;2.13;6.05;2.85
14:00;Sub;25.10.;SIRS1;Carrick Rangers;Cliftonville;500;2.7;3.25;2.45;1.88;1.26;1.82;1.65;4.2;2.0
14:00;Sub;25.10.;SIRS1;Crusaders;Glentoran;501;4.5;3.7;1.7;1.8;1.29;1.9;1.9;4.8;2.3
14:00;Sub;25.10.;SIRS1;Dungannon;Glenavon;501;1.73;3.5;4.55;1.8;1.29;1.88;1.82;4.7;2.2
14:00;Sub;25.10.;SIRS1;Linfield;Ballymena;499;1.35;4.55;7.9;2.12;1.19;1.65;1.9;4.7;2.18
14:00;Sub;25.10.;SIRS1;Portadown;Coleraine;500;5.5;3.95;1.55;2.05;1.21;1.7;1.77;4.35;2.05
14:00;Sub;25.10.;SIR2;Ards;Institute;501;1.85;3.5;3.6;2.05;1.21;1.7;1.63;4.0;1.92
14:00;Sub;25.10.;SIR2;Armagh;Queens Univ.;499;2.47;3.3;2.47;2.05;1.21;1.67;1.57;3.8;1.85
14:00;Sub;25.10.;SIR2;Dundela;Limavady United;501;4.65;3.75;1.6;2.07;1.2;1.67;1.7;4.15;2.0
14:00;Sub;25.10.;SIR2;H&W Welders;Ballinamallard;501;1.5;4.0;5.25;2.35;1.15;1.52;1.62;3.8;1.85
14:00;Sub;25.10.;SIR2;Loughgall;Newington;501;2.17;3.4;2.8;2.1;1.2;1.65;1.57;3.8;1.85
14:00;Sub;25.10.;ŠKO1;Dundee Utd;St. Mirren;2793;2.25;3.45;3.0;1.8;1.29;1.9;1.73;4.4;2.2
14:00;Sub;25.10.;ŠKO1;Falkirk;Dundee;2951;1.78;3.8;4.2;1.95;1.24;1.75;1.73;4.3;2.13
14:00;Sub;25.10.;ŠKO1;Livingston;Motherwell;3144;3.35;3.5;2.1;1.87;1.26;1.83;1.7;4.3;2.13
14:00;Sub;25.10.;ŠKO2;Airdrieonians;Arbroath;530;2.85;3.3;2.32;1.73;1.32;1.98;1.8;4.65;2.23
14:00;Sub;25.10.;ŠKO2;Morton;St Johnstone;529;4.4;3.6;1.72;1.82;1.28;1.88;1.83;4.65;2.22
14:00;Sub;25.10.;ŠKO2;Queen's Park;Ayr;529;3.75;3.3;1.93;1.7;1.34;2.03;1.87;4.9;2.33
14:00;Sub;25.10.;ŠKO2;Raith;Partick Thistle;530;2.55;3.15;2.65;1.63;1.38;2.13;1.87;5.0;2.37
14:00;Sub;25.10.;ŠKO2;Ross County;Dunfermline;530;2.15;3.25;3.25;1.67;1.35;2.07;1.85;4.9;2.33
14:00;Sub;25.10.;ŠKO3;Alloa;Stenhousemuir;530;2.8;3.25;2.4;1.75;1.31;1.95;1.75;4.55;2.17
14:00;Sub;25.10.;ŠKO3;Kelty Hearts;East Fife;530;4.1;3.6;1.77;2.0;1.22;1.72;1.67;4.15;1.98
14:00;Sub;25.10.;ŠKO3;Montrose;Cove Rangers;530;2.1;3.3;3.25;1.72;1.33;2.0;1.82;4.7;2.25
14:00;Sub;25.10.;ŠKO3;Peterhead;Inverness;530;4.4;3.9;1.67;2.1;1.19;1.65;1.67;4.0;1.95
14:00;Sub;25.10.;ŠKOFA;Clyde;Annan;531;2.25;3.45;2.85;2.0;1.23;1.73;1.62;3.95;1.93
14:00;Sub;25.10.;ŠKOFA;Cumbernauld Colts;Bonnyrigg Rose;535;2.95;3.8;2.07;2.7;1.1;1.4;1.4;3.1;1.55
14:00;Sub;25.10.;ŠKOFA;Spartans;East Kilbride;531;2.35;3.55;2.65;2.12;1.19;1.65;1.55;3.7;1.83
14:00;Sub;25.10.;ŠKOFA;Caledonian Braves;Stirling;520;3.0;3.35;2.22;1.92;1.25;1.78;1.65;4.1;1.98
14:00;Sub;25.10.;ŠPA4;Castellon B;Terrassa;501;2.65;3.6;2.2;2.2;1.17;1.6;1.53;3.6;1.78
14:00;Sub;25.10.;ŠVA3;Bavois;FC Schaffhausen;501;1.85;3.6;3.45;2.3;1.15;1.55;1.5;3.55;1.75
14:00;Sub;25.10.;ŠVA3;Luzern II;Vevey;503;1.77;4.05;3.35;3.05;1.07;1.33;1.35;2.95;1.5
14:00;Sub;25.10.;ŠVE3;Husqvarna;Torslanda;501;1.5;4.1;5.55;2.3;1.15;1.55;1.63;3.85;1.85
14:00;Sub;25.10.;ŠVE3;Oskarshamn;Lunds;500;2.2;3.45;2.95;2.0;1.23;1.73;1.62;3.95;1.93
14:00;Sub;25.10.;ŠVE3;Skovde AIK;Hassleholms IF;501;3.4;3.65;1.95;2.07;1.2;1.67;1.6;3.9;1.9
14:00;Sub;25.10.;ŠVE3;AFC Eskilstuna;Stockholm Internazionale;501;5.1;3.95;1.57;2.25;1.17;1.58;1.65;3.9;1.88
14:00;Sub;25.10.;ŠVE3;Karlbergs;Assyriska FF;500;2.3;3.5;2.7;2.05;1.21;1.7;1.6;3.85;1.88
14:00;Sub;25.10.;UZB1;Kokand 1912;Navbahor Namangan;490;2.75;3.15;2.33;1.68;1.35;2.05;1.85;4.8;2.3
14:15;Sub;25.10.;ŠPA1;Espanyol;Elche;3332;1.95;3.5;4.15;1.75;1.38;2.1;1.93;5.3;2.5
14:15;Sub;25.10.;ŠPA2;Albacete;Cordoba;3117;2.23;3.45;3.1;2.03;1.23;1.78;1.62;4.0;2.0
14:15;Sub;25.10.;ŠPA2;Eibar;Leganes;3040;2.3;3.0;3.4;1.48;1.52;2.65;2.1;6.0;2.95
14:15;Sub;25.10.;ŠPA3;Arenas Club Getxo;Guadalajara;501;2.6;2.8;2.9;1.5;1.47;2.4;1.97;5.6;2.55
14:15;Sub;25.10.;ŠPA3;Cacereno;Ourense CF;499;1.9;3.2;4.1;1.5;1.5;2.43;2.2;6.05;2.9
14:15;Sub;25.10.;ŠPA3;Celta Vigo B;Ferrol;501;2.6;3.0;2.7;1.58;1.4;2.23;1.9;5.2;2.45
14:15;Sub;25.10.;ŠPA3;Tarazona;Betis B;500;2.17;3.05;3.4;1.5;1.45;2.37;2.05;5.65;2.65
14:30;Sub;25.10.;HOL1;Sittard;Groningen;3131;2.65;3.25;2.65;1.87;1.28;1.93;1.7;4.35;2.13
14:30;Sub;25.10.;AZE1;Zira;Sumqayit;500;1.55;3.6;6.0;1.65;1.37;2.12;2.15;5.85;2.7
14:30;Sub;25.10.;HOL2;Den Haag;Den Bosch;526;1.2;6.4;10.6;3.05;1.07;1.33;1.83;4.1;1.97
14:30;Sub;25.10.;KAT1;Al Ahli Doha;Al-Gharafa;503;3.1;3.8;2.0;2.6;1.11;1.43;1.42;3.2;1.6
14:30;Sub;25.10.;KAT1;Al-Duhail;Shamal;501;1.83;3.95;3.5;2.6;1.11;1.45;1.45;3.25;1.65
14:30;Sub;25.10.;NEM3;Schweinfurt;VfL Osnabruck;530;4.3;3.5;1.75;1.95;1.24;1.75;1.7;4.25;2.02
14:30;Sub;25.10.;NEM4;Rodinghausen;Dortmund II;501;2.9;3.75;2.1;2.25;1.17;1.57;1.52;3.55;1.77
14:30;Sub;25.10.;POR2;Academico Viseu;Chaves;501;2.6;3.15;2.6;1.55;1.45;2.3;2.0;5.4;2.6
14:30;Sub;25.10.;POR2;Feirense;Benfica B;501;2.35;3.35;2.75;1.77;1.31;1.95;1.77;4.5;2.18
14:30;Sub;25.10.;POR3;Sao Joao Ver;Braga B;501;2.6;3.05;2.7;1.65;1.37;2.12;1.85;4.95;2.33
14:30;Sub;25.10.;ŠPA4;Coruxo;UD Ourense;500;2.08;2.95;3.4;1.5;1.45;2.37;2.05;5.7;2.65
14:30;Sub;25.10.;ŠPA4;Dep. Fabril;Oviedo B;502;1.7;3.45;4.3;1.78;1.3;1.92;1.85;4.8;2.27
14:30;Sub;25.10.;ŠPA4;Mutilvera;Beasain;501;2.55;2.9;2.7;1.62;1.38;2.15;1.85;5.0;2.33
14:40;Sub;25.10.;SAR1;Al Qadisiya;Al Akhdoud;2829;1.31;5.05;8.0;2.35;1.15;1.52;1.85;4.4;2.1
14:55;Sub;25.10.;SAR1;Al-Shabab Riyadh;Damac;2838;1.58;3.85;5.15;2.07;1.2;1.67;1.7;4.2;2.0
15:00;Sub;25.10.;SRB1;Radnik;Spartak Subotica;2748;2.13;3.4;3.35;1.75;1.31;1.95;1.8;4.6;2.3
15:00;Sub;25.10.;FRA1;Brest;Paris SG;3237;7.7;5.4;1.38;2.65;1.16;1.5;1.75;4.2;2.03
15:00;Sub;25.10.;AUT1;Altach;Hartberg;1259;2.0;3.3;3.8;1.65;1.4;2.25;1.95;5.25;2.6
15:00;Sub;25.10.;AUT1;LASK;Grazer AK;1308;1.57;4.15;5.45;2.1;1.21;1.75;1.78;4.35;2.15
15:00;Sub;25.10.;AUT1;Tirol;BW Linz;1198;2.75;3.3;2.55;1.8;1.31;2.0;1.75;4.5;2.22
15:00;Sub;25.10.;ALB1;Partizani;Egnatia;499;2.65;2.9;2.55;1.45;1.55;2.6;2.15;6.05;2.9
15:00;Sub;25.10.;ALB1;Teuta;Flamurtari;501;2.25;2.95;3.05;1.55;1.43;2.27;1.95;5.35;2.5
15:00;Sub;25.10.;AND1;Inter Escaldes;Ordino;482;1.09;7.4;16.5;3.5;1.04;1.26;2.17;4.9;2.25
15:00;Sub;25.10.;BLR1;FC Gomel;Slutsk;500;1.75;3.35;4.6;1.6;1.4;2.17;2.05;5.5;2.55
15:00;Sub;25.10.;BUG1;Levski Sofia;Dobrudzha;522;1.18;6.1;13.8;2.32;1.15;1.53;2.35;5.75;2.6
15:00;Sub;25.10.;FRO2;Skala Itrottarfelag;AB Argir;490;1.97;3.45;3.2;2.2;1.17;1.6;1.53;3.65;1.8
15:00;Sub;25.10.;IRK1;Al Karma;Al Kahraba;;1.8;3.1;4.3;1.45;1.55;2.6;2.35;;
15:00;Sub;25.10.;JER1;Ararat-Armenia;BKMA;498;1.3;5.15;8.3;2.32;1.15;1.53;1.93;4.6;2.17
15:00;Sub;25.10.;MAĐ1;DVTK;Paks;531;3.7;3.95;1.78;2.65;1.11;1.42;1.43;3.2;1.62
15:00;Sub;25.10.;MAĐ2;Videoton Fehervar;Szeged;501;2.65;3.35;2.45;1.75;1.32;1.97;1.8;4.55;2.2
15:00;Sub;25.10.;MAR1;IR Tanger;Maghreb Fez;499;3.1;2.55;2.7;1.4;1.57;2.7;2.1;6.25;2.95
15:00;Sub;25.10.;NIG1;Kano Pillars;Niger Tornadoes;;2.13;2.9;3.4;1.5;1.48;2.42;2.05;;
15:00;Sub;25.10.;POL3;Chojniczanka;Podhale Nowy Targ;500;2.4;3.3;2.75;1.88;1.26;1.82;1.67;4.2;2.02
15:00;Sub;25.10.;POR23;Sporting CP U23;Leiria U23;490;1.87;3.65;3.6;2.07;1.2;1.67;1.62;3.9;1.9
15:00;Sub;25.10.;ŠPA4;Marino de Luanco;Numancia;501;2.6;2.9;2.65;1.47;1.5;2.48;2.08;5.8;2.75
15:00;Sub;25.10.;SRB2;Trayal Krusevac;Kabel Novi Sad;490;1.9;3.45;3.7;1.7;1.35;2.05;1.92;4.95;2.4
15:00;Sub;25.10.;UKR1;Obolon;Polissya Zhytomyr;500;5.65;3.55;1.6;1.57;1.42;2.25;2.25;6.15;2.85
15:15;Sub;25.10.;ITA2;Carrarese;Venezia;1308;2.85;3.3;2.45;1.7;1.35;2.15;1.85;4.85;2.4
15:30;Sub;25.10.;AUT3;Saalfelden;Altach U21;490;2.15;3.6;2.7;2.33;1.15;1.53;1.48;3.45;1.7
15:30;Sub;25.10.;ČIL2;CD Santa Cruz;San Marcos de Arica;501;2.8;3.15;2.43;1.65;1.37;2.12;1.87;4.95;2.35
15:30;Sub;25.10.;ČIL2;Recoleta;Curico Unido;501;2.25;3.15;3.05;1.65;1.37;2.12;1.88;5.0;2.37
15:30;Sub;25.10.;ČIL2;San Felipe;S. Morning;500;2.0;3.3;3.55;1.62;1.38;2.15;1.95;5.15;2.47
15:30;Sub;25.10.;ČIL3;Concon National;Brujas de Salamanca;490;2.03;3.5;3.0;1.95;1.24;1.75;1.67;4.1;2.0
15:30;Sub;25.10.;ITA3;Arzignano;Lumezzane;500;2.13;3.0;3.5;1.55;1.43;2.27;1.95;5.4;2.5
15:30;Sub;25.10.;ITA3;Renate;Lecco;498;2.85;2.8;2.65;1.42;1.55;2.65;2.13;6.15;2.85
15:30;Sub;25.10.;ITA3;Campobasso;Rimini;500;1.82;3.4;4.1;1.6;1.4;2.17;2.03;5.4;2.6
15:30;Sub;25.10.;ITA3;Carpi;Gubbio;500;2.28;3.05;3.15;1.48;1.5;2.45;2.1;5.8;2.75
15:30;Sub;25.10.;ITA3;Siracusa;Casarano;501;2.85;3.15;2.35;1.72;1.33;2.0;1.78;4.65;2.2
15:30;Sub;25.10.;POL1;Pogon Szczecin;Cracovia;909;2.35;3.6;2.8;1.97;1.25;1.83;1.67;4.1;2.08
15:30;Sub;25.10.;SLO1;Maribor;Primorje;527;1.35;4.85;7.1;2.5;1.12;1.47;1.7;3.95;1.9
15:30;Sub;25.10.;ŠPA4;Zaragoza B;SD Logrones;501;2.65;3.15;2.4;1.65;1.37;2.1;1.87;4.9;2.35
15:30;Sub;25.10.;ŠPA4;UCAM Murcia;CD Estepona;499;1.82;3.2;4.05;1.57;1.42;2.25;2.05;5.6;2.65
15:30;Sub;25.10.;ŠPA4;San Sebastian Reyes;CD Coria;501;2.3;2.85;3.05;1.5;1.45;2.37;2.0;5.6;2.6
15:30;Sub;25.10.;ŠVE1;Oster;Degerfors;3057;2.43;3.45;2.75;1.9;1.28;1.9;1.7;4.3;2.15
16:00;Sub;25.10.;SRB1;Zeleznicar Pancevo;Cukaricki;2940;2.25;3.65;2.9;1.97;1.23;1.75;1.65;4.0;2.02
16:00;Sub;25.10.;ITA1;Napoli;Inter Milan;3232;3.1;3.2;2.45;1.75;1.35;2.1;1.78;5.05;2.35
16:00;Sub;25.10.;ŠVA1;Sion;Thun;1228;2.27;3.45;3.0;2.03;1.23;1.78;1.62;4.0;2.0
16:00;Sub;25.10.;ŠVA1;St. Gallen;Grasshoppers;1198;1.78;3.8;4.2;2.25;1.18;1.65;1.6;3.8;1.9
16:00;Sub;25.10.;AFCCL;Al Ansar;Al Kuwait;501;2.95;3.35;2.23;1.72;1.33;2.0;1.82;4.65;2.25
16:00;Sub;25.10.;ALŽ1;Constantine;Olympique Akbou;498;1.87;3.1;4.4;1.45;1.5;2.5;2.23;6.3;2.95
16:00;Sub;25.10.;BHR2;Al Ittifaq Maqaba;Al Ittihad;;2.75;3.25;2.28;1.9;1.25;1.8;1.65;;
16:00;Sub;25.10.;BHR2;Al-Hala;Buri Cultural SC;;1.38;4.25;6.75;2.0;1.22;1.72;1.98;;
16:00;Sub;25.10.;BHR2;Busaiteen;Isa Town;;3.2;3.4;1.98;1.85;1.28;1.85;1.75;;
16:00;Sub;25.10.;ČEŠ1;Liberec;Jablonec;2928;2.35;3.15;3.1;1.67;1.35;2.07;1.82;4.85;2.35
16:00;Sub;25.10.;HOL3;De Treffers;Rijnsburgse Boys;501;2.4;3.45;2.47;2.25;1.17;1.57;1.5;3.55;1.75
16:00;Sub;25.10.;HRV1;Varazdin;Slaven Belupo;530;2.2;3.35;3.25;1.7;1.35;2.05;1.85;4.85;2.4
16:00;Sub;25.10.;KIP1;Ol. Nicosia;Apollon;501;4.8;3.45;1.7;1.63;1.38;2.13;2.05;5.5;2.6
16:00;Sub;25.10.;LUK1;Niederkorn;Racing Luxembourg;490;1.92;3.45;3.35;1.92;1.25;1.78;1.7;4.2;2.03
16:00;Sub;25.10.;NOR1;Sarpsborg;KFUM Oslo;2854;2.95;3.45;2.3;1.98;1.24;1.82;1.65;4.1;2.05
16:00;Sub;25.10.;OMNK;Ibri;Sur Club;492;2.8;3.1;2.32;1.6;1.4;2.17;1.9;5.1;2.43
16:00;Sub;25.10.;RUS1;CSKA Moscow;Krylya Sovetov;528;1.4;4.5;7.8;1.88;1.26;1.82;2.1;5.35;2.6
16:00;Sub;25.10.;RUS2;Torpedo Moscow;FK Chayka;499;1.4;4.3;7.3;1.8;1.29;1.9;2.2;5.7;2.65
16:00;Sub;25.10.;SVK1;Kosice;Podbrezova;530;1.95;3.8;3.2;2.25;1.17;1.57;1.55;3.6;1.78
16:00;Sub;25.10.;ŠPA4;Langreo;Atl. Astorga;499;1.8;3.2;4.15;1.53;1.45;2.33;2.15;5.85;2.8
16:00;Sub;25.10.;ŠPA4;Real Avila;UD Samano;499;1.4;3.6;8.7;1.65;1.37;2.1;2.3;6.45;2.8
16:00;Sub;25.10.;ŠPA4;Gernika;Ejea;501;2.35;2.8;3.1;1.5;1.47;2.4;2.0;5.6;2.6
16:00;Sub;25.10.;ŠPA4;CD Extremadura;Xerez D.F.C.;500;1.75;3.25;4.35;1.62;1.38;2.15;2.0;5.4;2.55
16:00;Sub;25.10.;ŠPA4;Yeclano;Linares;499;1.95;2.9;3.95;1.5;1.48;2.42;2.08;5.9;2.7
16:00;Sub;25.10.;ŠPA4;RSD Alcala;Tenerife B;501;2.4;2.85;2.9;1.57;1.42;2.25;1.9;5.25;2.45
16:00;Sub;25.10.;ŠVA2;Bellinzona;Lausanne Ouchy;530;4.3;3.8;1.7;2.0;1.23;1.73;1.73;4.25;2.05
16:00;Sub;25.10.;TUR2;Sakaryaspor;Keciorengucu;500;2.3;3.5;2.75;1.9;1.25;1.8;1.67;4.1;2.0
16:00;Sub;25.10.;TUR3;Ankaragucu;Sanliurfaspor;501;2.47;3.15;2.55;1.75;1.31;1.95;1.75;4.55;2.17
16:00;Sub;25.10.;TUR3;Bursaspor;Musspor;498;1.38;4.2;6.85;2.0;1.23;1.73;1.98;4.95;2.3
16:00;Sub;25.10.;UAEK;Al Nasr Dubai;Bani Yas;504;1.62;3.65;4.6;1.95;1.23;1.75;1.77;4.4;2.15
16:15;Sub;25.10.;BEL1;KV Mechelen;Leuven;3105;2.13;3.45;3.25;1.92;1.26;1.88;1.7;4.25;2.12
16:15;Sub;25.10.;ISL1;Vikingur Reykjavik;Valur;531;1.62;4.4;4.15;3.15;1.06;1.31;1.38;2.95;1.52
16:15;Sub;25.10.;IZR1;Hapoel Haifa;Beitar Jerusalem;530;3.9;3.7;1.8;2.13;1.19;1.63;1.6;3.85;1.87
16:15;Sub;25.10.;IZR1;SC Ashdod;Hapoel Petah Tikva;529;2.9;3.3;2.3;1.8;1.29;1.9;1.72;4.4;2.1
16:15;Sub;25.10.;VELS1;Cardiff Metropolitan;Flint Town United;501;2.05;3.5;3.2;2.07;1.2;1.67;1.6;3.85;1.87
16:30;Sub;25.10.;ENG1;Manchester Utd;Brighton;3721;2.05;4.0;3.3;2.5;1.18;1.55;1.52;3.6;1.8
16:30;Sub;25.10.;NEM1;Dortmund;FC Koln;3610;1.43;5.05;6.9;2.95;1.13;1.4;1.58;3.65;1.8
16:30;Sub;25.10.;ŠPA1;Ath Bilbao;Getafe;3032;1.73;3.45;5.8;1.48;1.57;2.7;2.55;7.5;3.6
16:30;Sub;25.10.;ENG5;Tamworth;Boston United;531;1.8;3.55;4.0;1.85;1.27;1.85;1.77;4.45;2.13
16:30;Sub;25.10.;GRČ1;Panserraikos;AEL Larissa;3045;2.35;3.3;3.0;1.63;1.38;2.15;1.9;5.0;2.5
16:30;Sub;25.10.;IZR1;Hapoel Jerusalem;Sakhnin;530;2.18;3.25;3.15;1.7;1.34;2.02;1.82;4.75;2.27
16:30;Sub;25.10.;IZR1;Ironi Tiberias;Maccabi Haifa;527;6.9;4.3;1.4;2.25;1.17;1.58;1.75;4.25;2.0
16:30;Sub;25.10.;KAT1;Al Sadd;Al Arabi Doha;502;1.65;4.3;4.1;3.2;1.06;1.3;1.35;2.9;1.5
16:30;Sub;25.10.;PRIW;England Wom.;Brazil Wom.;501;1.65;3.95;4.5;2.25;1.17;1.58;1.6;3.8;1.85
16:30;Sub;25.10.;SIRS1;Larne;Bangor FC;499;1.4;4.3;7.2;2.0;1.22;1.72;1.95;4.85;2.25
16:30;Sub;25.10.;ŠPA2;Burgos;R. Sociedad B;3090;1.73;3.45;5.1;1.58;1.45;2.38;2.18;6.0;2.95
16:30;Sub;25.10.;ŠPA2;Granada;Cadiz;3153;2.35;3.1;3.2;1.58;1.43;2.37;1.97;5.4;2.65
16:30;Sub;25.10.;ŠPA3;CF Talavera;Osasuna B;500;2.05;3.2;3.45;1.6;1.4;2.17;1.95;5.2;2.47
16:30;Sub;25.10.;ŠPA3;Sabadell;Gimnastic;496;2.2;2.9;3.5;1.42;1.55;2.65;2.2;6.3;2.95
16:30;Sub;25.10.;ŠPA3;Sanluqueno;Torremolinos;500;2.05;3.05;3.7;1.55;1.43;2.3;2.0;5.5;2.55
16:30;Sub;25.10.;ŠPA4;Utebo FC;Amorebieta;501;1.9;3.3;3.6;1.68;1.35;2.05;1.9;5.0;2.4
16:30;Sub;25.10.;URU1;Juventud;Plaza Colonia;499;2.1;2.9;3.8;1.48;1.5;2.45;2.07;5.9;2.7
16:45;Sub;25.10.;HOL1;Sparta Rotterdam;SC Telstar;2835;1.88;3.95;3.6;2.48;1.14;1.55;1.5;3.45;1.75
17:00;Sub;25.10.;FRA1;Monaco;Toulouse;3153;1.9;3.95;3.85;2.45;1.19;1.55;1.55;3.7;1.82
17:00;Sub;25.10.;POR1;Santa Clara;AVS;3264;1.55;3.55;7.3;1.63;1.4;2.27;2.2;6.15;2.85
17:00;Sub;25.10.;TUR1;Trabzonspor;Eyupspor;3130;1.57;3.95;5.75;1.98;1.24;1.82;1.83;4.6;2.25
